movie_id,score
278,0
19404,0
238,1
424,0
240,1
667257,0
129,0
730154,0
372754,0
372058,0
389,0
696374,0
496243,0
497,0
724089,0
155,0
429,0
680,0
122,0
761053,0
13,0
11216,0
346,0
769,0
533514,0
637,0
311,0
14537,0
539,0
652837,0
40096,0
12477,0
510,0
550,0
283566,0
324857,0
598,0
255709,0
378064,0
92321,0
4935,0
18491,0
1891,0
599,0
441130,0
120,0
3782,0
704264,0
423,0
157336,0
244786,0
121,0
73,0
567,0
27205,0
635302,0
632632,0
901,0
12493,0
914,0
807,0
361743,0
128,0
644479,0
274,0
25237,0
630566,0
207,0
3082,0
527641,0
101,0
335,0
556574,0
975,0
618344,0
105,0
592350,0
447362,0
575813,0
16672,0
42269,0
18148,0
10494,0
10376,0
28,0
572154,0
299534,0
29259,0
637920,0
265177,0
670,0
537061,0
522924,0
791373,0
508965,0
290098,0
299536,1
77338,0
532067,0
545611,0
8587,0
1585,0
797,0
526702,0
5156,0
110420,0
476292,0
24188,0
490132,0
610892,0
504253,0
20532,0
37257,0
755812,0
664767,0
663558,0
1398,0
422,0
10098,0
284,0
823754,0
354912,0
694,0
313106,0
185,0
490,0
26451,0
426,0
470044,0
2457,0
531428,0
16869,0
518068,0
398818,0
11,0
629,0
98,0
399106,0
1124,0
857,0
77,0
11324,0
603,0
620683,0
517814,0
50014,0
324786,0
508442,0
103,0
406997,0
872,0
19,0
11878,0
475557,0
705,0
133919,0
289,0
439,0
400608,0
895,0
600354,0
111,0
20914,0
1422,0
548,0
100,0
472454,0
606856,0
996,0
666,0
992,0
640344,0
654299,0
615457,0
500,0
68718,0
831827,0
55823,0
337404,0
600,0
489,0
239,0
935,0
614,0
348,0
785534,0
411088,0
655,0
638507,0
9764,0
5801,0
149871,0
17663,0
12445,0
92060,0
24382,0
37165,0
3780,0
832,0
550776,0
843,0
46738,0
42229,0
38288,0
7345,0
529531,0
38,0
843906,0
103663,0
359940,0
334543,0
652722,0
14696,0
574074,0
11659,0
55960,0
780,0
147,0
347688,0
406,0
449176,0
387,0
4348,0
1955,0
1396,0
437068,0
81481,0
11645,0
62,0
515001,0
9702,0
280,0
282848,0
8422,0
8392,0
19542,0
20530,0
19426,0
11423,0
482321,0
28422,0
522518,0
339877,0
10681,0
381284,0
146233,0
7347,0
115929,0
26022,0
821,0
538362,0
568160,0
522402,0
264644,0
120467,0
58007,0
438695,0
400928,0
634649,1
455661,0
397567,0
582,0
632322,0
9277,0
595,0
204,0
550205,0
20941,0
28978,0
11104,0
961,0
310569,0
21634,0
938,0
110416,0
378108,0
800,0
3090,0
521,0
458220,0
429210,0
1059,0
776503,0
610461,0
20803,0
962,0
641,0
307,0
14,0
38360,0
106646,0
15,0
678580,0
158445,0
11778,0
15244,0
2517,0
279,0
315465,0
554596,0
426618,0
12761,0
673,0
1091,0
424694,0
654,0
205596,0
7508,0
524,0
776305,0
501929,0
28178,0
12104,0
237791,0
25376,0
11658,0
488623,0
770,0
667520,0
140420,0
13223,0
3175,0
41050,0
359724,0
11712,0
242828,0
213,0
360814,0
94047,0
560066,0
1580,0
1578,0
1092,0
20875,0
29264,0
20334,0
18438,0
28971,0
527774,0
406785,0
10238,0
458302,0
142061,0
523781,0
15383,0
573164,0
455714,0
20453,0
627,0
530915,0
947,0
489412,0
10515,0
45752,0
20271,0
405,0
24,0
38286,0
775,0
110,0
801335,0
10242,0
10404,0
862,0
17295,0
3777,0
70,0
920394,0
414419,0
505262,0
31411,0
76,0
21334,0
49964,0
588228,0
234,0
149,0
7857,0
640,0
76203,0
20722,0
11010,0
5925,0
594634,0
779047,0
43949,0
548544,0
152532,0
756999,0
491480,0
745,0
522212,0
160885,0
14160,0
556901,0
552532,0
316029,0
9323,0
3083,0
223,0
32085,0
33,0
435129,0
8290,0
3034,0
508943,0
334533,0
1646,0
150540,0
48035,0
25364,0
24167,0
2011,0
197,0
78,0
613868,0
10674,0
6977,0
662,0
597316,0
829,0
329,0
60243,0
81,0
85,0
31439,0
10728,0
37797,0
615453,0
331482,0
10386,0
7984,0
671,0
183011,0
47796,0
2721,0
679,0
631,0
45523,0
3870,0
3112,0
122906,0
198,0
118340,0
29455,0
1892,0
194,0
564427,0
369557,0
1402,0
946,0
804,0
746957,0
56231,0
31442,0
579245,0
25538,0
3078,0
16,0
83564,0
949,0
752,0
301,0
379170,0
16390,0
13398,0
367412,0
348892,0
296096,0
404378,0
1394,0
6715,0
10997,0
726684,0
210577,0
843241,0
391,0
30588,0
1675,0
11293,0
827,0
86000,0
430424,0
313369,0
11830,0
303867,0
20873,0
381341,0
16804,0
275,0
11036,0
593,0
393,0
266856,0
833,0
505192,0
597,0
22596,0
2440,0
5511,0
22843,0
934,0
438631,0
10774,0
1162,0
235,0
398924,0
93,0
23160,0
399174,0
152601,0
33320,0
602063,0
293299,0
705861,0
579792,0
445030,0
5544,0
546554,0
352173,0
5924,0
677638,0
614917,0
11602,0
185789,0
11953,0
180147,0
581,0
113833,0
24238,0
14574,0
453,0
71157,0
980,0
47931,0
31011,0
665,0
596,0
899405,0
265195,0
1626,0
777,0
144,0
115,0
32480,0
24480,0
11049,0
59440,0
359156,0
152742,0
58129,0
16859,0
6075,0
10757,0
50759,0
9479,0
810693,0
503314,0
200727,0
1018,0
887,0
354857,0
317442,0
5000,0
113,0
609242,0
25253,0
15859,0
841755,0
21135,0
613,0
136,0
11656,0
335578,0
31056,0
89,0
5991,0
12,0
968,0
805,0
585,0
10775,0
5915,0
826,0
674,0
396,0
446159,0
502,0
810171,0
80,0
314365,0
25606,0
1908,0
1280,0
831223,0
142,0
263115,0
506574,0
29845,0
762,0
393559,0
423612,0
419478,0
656563,0
428493,0
375794,0
22683,0
696,0
435366,0
5961,0
20126,0
303,0
323272,0
13042,0
107,0
539517,0
28145,0
10193,0
10191,0
1480,0
730840,0
52345,0
17483,0
262,0
141,0
583083,0
359784,0
149870,0
925,0
143,0
13855,0
553,0
14836,0
336804,0
126319,0
11697,0
573699,0
277216,0
770254,0
498249,0
4977,0
851,0
713776,0
49687,0
22504,0
72660,0
49797,0
16237,0
357786,0
169813,0
10227,0
703,0
629542,0
537116,0
15916,0
40662,0
873,0
29458,0
234200,0
28162,0
27670,0
2118,0
2062,0
12496,0
12444,0
616584,0
20139,0
22,0
84892,0
614934,0
317182,0
16052,0
1607,0
508439,0
14282,0
672322,0
166428,0
18079,0
14069,0
11621,0
1366,0
117,0
530254,0
492188,0
963,0
587,0
337960,0
221732,0
49026,1
33602,0
583,0
396535,0
61979,0
10315,0
2108,0
709629,0
123025,0
86837,0
903,0
27040,0
486589,0
451945,0
399566,0
393729,0
40619,0
11005,0
9421,0
632,0
556984,0
414906,0
30018,0
14811,0
380,0
599521,0
3763,0
502033,0
336,0
471707,0
52629,0
582927,0
990,0
562,0
374473,0
203217,0
13929,0
12491,0
309,0
81401,0
3114,0
525,0
177572,0
10229,0
1700,0
792,0
322,0
382591,0
269149,0
1417,0
216,0
14756,0
413594,0
165,0
508933,0
650031,0
554590,0
30959,0
6844,0
25050,0
20123,0
13002,0
10020,0
9475,0
404,0
273248,0
45269,0
4495,0
9800,0
24160,0
499,0
12405,0
137182,0
444705,0
15265,0
845,0
16306,0
672,0
993,0
575452,0
11902,0
567410,0
12429,0
3309,0
11482,0
653,0
11220,0
10835,0
205,0
976,0
334,0
14580,0
1040,0
261,0
637649,0
4808,0
995,0
596054,0
23832,0
11787,0
580175,0
453191,0
9552,0
5528,0
48831,0
15121,0
10633,0
162,0
128246,0
12219,0
371645,0
5910,0
238628,0
24428,0
678,0
531,0
19026,0
767,0
702,0
513434,0
96721,0
17058,0
11854,0
891,0
336808,0
11299,0
8416,0
164,0
51608,0
808,0
108,0
110160,0
9806,0
534780,0
4497,0
297222,0
11972,0
272,0
83666,0
9023,0
707886,0
675,0
68,0
466282,0
342470,0
13187,0
13696,0
288,0
8016,0
675353,0
242582,0
167581,0
11474,0
1939,0
1632,0
1075,0
24657,0
12548,0
4235,0
910,0
247,0
614409,0
581528,0
522627,0
2433,0
1633,0
431693,0
8832,0
776,0
29154,0
16391,0
320007,0
12516,0
589739,0
100402,0
15137,0
1904,0
688,0
426426,0
568124,0
1587,0
15794,0
710356,0
244063,0
15251,0
566525,0
99,0
313297,0
25768,0
284427,0
16761,0
286217,0
265169,0
211954,0
4480,0
82702,0
4960,0
22292,0
37247,0
981,0
343,0
1628,0
25188,0
50531,0
11898,0
2493,0
1093,0
773,0
20108,0
22881,0
28580,0
666243,0
227932,0
13151,0
820,0
221731,0
550988,0
31216,0
624932,0
49992,0
12501,0
14813,0
8358,0
576,0
586863,0
8429,0
1592,0
517093,0
14624,0
10331,0
612706,0
4347,0
369299,0
44214,0
13466,0
9343,0
793,0
643,0
514439,0
30020,0
10754,0
1879,0
9377,0
722778,0
13386,0
11362,0
436969,0
10322,0
812,0
578,0
158,0
207703,0
13980,0
871,0
269,0
31417,0
234567,0
180299,0
144288,0
54186,0
560057,0
398978,0
38251,0
18197,0
433471,0
8327,0
4995,0
585244,0
18900,0
13363,0
982,0
212,0
660120,0
364111,0
283995,0
430,0
42801,0
1712,0
831405,0
425909,0
1654,0
1726,1
11686,0
347201,0
5165,0
11782,0
42987,0
13355,0
9912,0
746,0
218,0
333339,0
338729,0
177945,0
642,0
11040,0
306819,0
9444,0
244,0
575604,0
14784,0
18329,0
1933,0
3767,0
2204,0
401698,0
19101,0
15917,0
309809,0
489999,0
24653,0
11657,0
8703,0
1678,0
55,0
423108,0
736069,0
459670,0
11969,0
824,0
607259,0
21575,0
221,0
220,0
8073,0
4481,0
3580,0
51739,0
17057,0
514754,0
417261,0
284053,0
12093,0
348678,0
9693,0
870,0
222935,0
13413,0
1913,0
419430,0
293660,0
244267,0
11113,0
11321,0
11046,0
5558,0
819,0
63,0
400160,0
10363,0
638,0
10778,0
20992,0
780382,0
71,0
381289,0
225745,0
137113,0
10637,0
9289,0
64,0
809140,0
200481,0
127533,0
228205,0
491418,0
650,0
137,0
26371,0
3133,0
1544,0
736073,0
15014,0
900,0
484468,0
416144,0
11159,0
198375,0
17431,0
483184,0
21191,0
13562,0
2487,0
38757,0
630,0
41411,0
13403,0
4982,0
863,0
592,0
671295,0
283587,0
2013,0
25468,0
587272,0
520763,0
481848,0
5143,0
948,0
19413,0
9394,0
627725,0
246741,0
51822,0
229,0
216156,0
28569,0
10950,0
456929,0
76696,0
74308,0
57158,0
11190,0
736074,0
539617,0
10161,0
12498,0
12102,0
451657,0
264660,0
61202,0
329865,0
277834,0
203101,0
19223,0
11356,0
4922,0
433,0
338,0
111083,0
43650,0
507569,0
364137,0
3529,0
11016,0
5708,0
544510,0
64690,0
1859,0
529203,0
308369,0
118406,0
16958,0
2000,0
301528,0
11327,0
21734,0
18671,0
530079,0
442065,0
109424,0
76341,0
9040,0
25934,0
1600,0
966,0
13396,0
907,0
626,0
375572,0
9081,0
1541,0
375262,0
256040,0
71859,0
768744,0
431580,0
6620,0
4593,0
3558,0
2009,0
1567,0
319,0
2649,0
782,0
616,0
860159,0
581577,0
451915,0
43904,0
339,0
967,0
366170,0
13393,0
10787,0
4951,0
586940,0
38234,0
11688,0
765,0
8342,0
1051,0
632617,0
503919,0
11171,0
13354,0
11906,0
1954,0
459151,0
4909,0
660000,0
487558,0
4638,0
4550,0
83389,0
10734,0
921,0
47909,0
13310,0
1579,0
127501,0
39324,0
11610,0
9516,0
379019,0
4291,0
552095,0
475888,0
382614,0
315846,0
16219,0
13528,0
783,0
551332,0
30368,0
7214,0
11562,0
11344,0
9366,0
1883,0
603661,0
138843,0
11421,0
3001,0
747,0
645886,0
179144,0
63311,0
59436,0
26280,0
409502,0
382748,0
228326,0
28874,0
15472,0
625,0
334541,0
37769,0
36685,0
29084,0
3009,0
571,0
617653,0
127585,0
37903,0
24807,0
14919,0
13384,0
31682,0
11178,0
9016,0
4034,0
3035,0
828,0
74879,0
624479,0
582014,0
484751,0
449406,0
16633,0
79,0
502897,0
16642,0
8440,0
4553,0
451048,0
898,0
574,0
552178,0
337703,0
16305,0
15999,0
9340,0
4024,0
470878,0
389015,0
200085,0
5781,0
940,0
483983,0
36557,0
332562,0
3116,0
327331,0
7735,0
1372,0
532,0
11202,0
14438,0
10110,0
613090,0
19995,0
15165,0
12163,0
10747,0
15371,0
15097,0
468284,0
284293,0
281957,0
11798,0
10683,0
984,0
522,0
876716,0
431937,0
260513,0
18,0
1786,0
379,0
429450,0
32761,0
10451,0
3482,0
601,0
453395,0
85350,0
13930,0
11549,0
3088,0
500664,0
11970,0
11544,0
2786,0
335984,0
10604,0
8740,0
615666,0
983,0
217993,0
204553,0
72213,0
1949,0
475,0
228150,0
176983,0
4254,0
923,0
508947,0
438148,0
1847,0
881,0
856,0
69,0
145,0
13830,0
383498,0
9495,0
429617,0
244088,0
24192,0
17136,0
12780,0
11481,0
9428,0
9075,0
16619,0
440298,0
377273,0
27327,0
11506,0
11528,0
644583,0
7500,0
877,0
346648,0
11030,0
9056,0
673595,0
132344,0
375785,0
11841,0
186,0
37916,0
34148,0
219,0
37719,0
14257,0
530,0
795514,0
203833,0
22584,0
10843,0
10549,0
134350,0
434616,0
58451,0
252,0
34106,0
3933,0
118412,0
437586,0
330459,0
176241,0
16328,0
11031,0
7549,0
874300,0
576845,0
26596,0
1902,0
11167,0
9665,0
9028,0
4689,0
2690,0
786,0
106,0
630220,0
258480,0
27632,0
109,0
638449,0
637534,0
38396,0
9008,0
818647,0
529216,0
484747,0
76758,0
13689,0
451480,0
41498,0
18333,0
15919,0
14736,0
487670,0
251516,0
13060,0
9559,0
634544,0
489418,0
476968,0
21832,0
8333,0
4584,0
376290,0
239571,0
8094,0
1407,0
154,0
621013,0
4174,0
1251,0
175,0
508570,0
194662,0
166666,0
26638,0
12169,0
37181,0
33273,0
17529,0
8321,0
33997,0
10907,0
3110,0
345,0
290,0
39323,0
9918,0
457601,0
370172,0
565310,0
637693,0
374720,0
17809,0
13350,0
1023,0
648,0
32909,0
2034,0
620,0
319373,0
71883,0
226,0
31767,0
18925,0
9549,0
1360,0
985,0
813258,0
11349,0
10377,0
845222,0
6916,0
192,0
11704,0
11471,0
408647,0
339403,0
293863,0
663260,0
340666,0
48282,0
16372,0
823,0
364433,0
292011,0
16646,0
345938,0
49361,0
10400,0
846214,0
533444,0
519010,0
407445,0
13754,0
8356,0
649,0
129670,0
22538,0
12837,0
10435,0
4251,0
196,0
402693,0
269258,0
227306,0
65218,0
37472,0
13377,0
1523,0
1368,0
755339,0
675445,0
72478,0
14092,0
11901,0
25403,0
13353,0
265180,0
18988,0
8741,0
11710,0
290762,0
10784,0
499631,0
11829,0
2501,0
704,0
589982,0
544401,0
9509,0
2056,0
250219,0
100271,0
13475,0
458156,0
339380,0
290542,0
5967,0
1677,0
466272,0
206487,0
18917,0
1813,0
595975,0
190859,0
451499,0
271110,0
250538,0
26963,0
16858,0
11545,0
8055,0
527,0
39107,0
5503,0
1052,0
439584,0
339984,0
271706,0
74643,0
36208,0
1391,0
626735,0
380225,0
9299,0
6114,0
1653,0
779,0
568,0
583689,0
414425,0
284052,0
273895,0
193756,0
31522,0
24226,0
497698,0
14283,0
25623,0
6644,0
187,0
516486,0
483980,0
247645,0
11615,0
3080,0
395834,0
3085,0
114,0
21450,0
2292,0
481432,0
101299,0
39356,0
25955,0
9461,0
13446,0
491584,0
363,0
242,0
164249,0
11978,0
639,0
615,0
492,0
507505,0
75233,0
26900,0
575,0
432836,0
76589,0
451751,0
94329,0
387426,0
228203,0
38985,0
161,0
615643,0
49020,0
15764,0
137106,0
11589,0
514575,0
377263,0
3766,0
2767,0
433247,0
121986,0
583406,0
446893,0
417320,0
394117,0
11661,0
839,0
713,0
686,0
12207,0
2898,0
1116,0
758866,0
3063,0
388,0
2503,0
427033,0
406385,0
15774,0
11416,0
11236,0
4476,0
594328,0
73456,0
46919,0
10849,0
5723,0
2291,0
28055,0
14433,0
462,0
13321,0
140,0
40823,0
37211,0
763,0
546121,0
489930,0
463257,0
432616,0
37135,0
25673,0
20558,0
9462,0
614587,0
353081,0
17654,0
4203,0
1245,0
376867,0
274109,0
9504,0
447332,0
19100,0
621,0
113082,0
284054,0
157354,0
7452,0
260,0
416494,0
13635,0
8810,0
458131,0
303483,0
289222,0
3089,0
756,0
205220,0
1669,0
853,0
146,0
571468,0
312221,0
242643,0
36095,0
14638,0
5123,0
2757,0
9361,0
9065,0
12554,0
6404,0
1895,0
38602,0
14698,0
176,0
668742,0
408220,0
590223,0
165213,0
87827,0
9385,0
7863,0
427,0
659959,0
111969,0
64682,0
51828,0
16320,0
2798,0
1542,0
687,0
454626,0
88273,0
20620,0
17681,0
3121,0
794,0
34647,0
10867,0
4011,0
814,0
802,0
153,0
522369,0
25866,0
258893,0
249164,0
17474,0
12716,0
19120,0
14645,0
1359,0
628,0
610120,0
10474,0
7294,0
4710,0
2134,0
771,0
47735,0
45317,0
11943,0
1554,0
760,0
350,0
90369,0
9571,0
4133,0
245891,0
15003,0
8681,0
520172,0
273481,0
39486,0
22164,0
7249,0
1429,0
413279,0
53565,0
14551,0
12311,0
11206,0
429174,0
6003,0
19673,0
11881,0
840,0
488,0
332270,0
15601,0
10024,0
9662,0
395991,0
16234,0
9470,0
9426,0
4032,0
2639,0
474395,0
401306,0
37775,0
10975,0
315635,0
245913,0
233639,0
4147,0
2252,0
1645,0
33436,0
759,0
547258,0
535356,0
438146,0
298582,0
12776,0
11948,0
855,0
14554,0
9652,0
457,0
545609,0
416477,0
36040,0
381,0
283591,0
212167,0
140823,0
16307,0
2748,0
379291,0
43316,0
40794,0
13004,0
874,0
470,0
25793,0
6949,0
765245,0
80278,0
33701,0
12902,0
11426,0
10144,0
504608,0
132363,0
81188,0
9454,0
109689,0
690,0
307081,0
46838,0
42994,0
15362,0
902,0
259316,0
75656,0
476299,0
399404,0
293670,0
65754,0
37094,0
14534,0
11673,0
9539,0
302528,0
2899,0
658,0
88,0
10437,0
10234,0
4232,0
801,0
184,0
13949,0
8056,0
1923,0
987,0
116,0
304357,0
374461,0
342737,0
787428,0
574093,0
286192,0
284689,0
30061,0
11644,0
4107,0
82695,0
1791,0
1427,0
497582,0
428836,0
420814,0
23550,0
19666,0
2666,0
420809,0
11101,0
4043,0
433498,0
265712,0
36940,0
13188,0
10794,0
38884,0
37799,0
13199,0
892,0
239877,0
15600,0
4816,0
2640,0
965,0
483306,0
22803,0
104,0
271674,0
19067,0
228,0
498248,0
54138,0
11816,0
9589,0
2756,0
425,0
651881,0
211387,0
42726,0
2841,0
506528,0
407448,0
57361,0
15392,0
10911,0
7979,0
180,0
508642,0
1594,0
79120,0
18874,0
21484,0
614696,0
570661,0
381288,0
360365,0
318846,0
10654,0
58,0
362045,0
318121,0
43641,0
24748,0
590,0
255,0
467909,0
38528,0
11963,0
4543,0
850,0
13382,0
482373,0
403450,0
77016,0
40180,0
38142,0
15384,0
3109,0
594,0
350312,0
14163,0
13008,0
866,0
134,0
259761,0
169881,0
140607,0
33954,0
10669,0
718789,0
82690,0
21956,0
9550,0
2977,0
11368,0
11230,0
10705,0
114150,0
75629,0
65229,0
36998,0
13932,0
360606,0
228194,0
26842,0
13183,0
587792,0
306745,0
261470,0
50848,0
15080,0
11499,0
560050,0
34653,0
20246,0
11537,0
9587,0
500006,0
205587,0
11663,0
9609,0
830,0
121642,0
49051,0
8337,0
3131,0
20312,0
64246,0
30497,0
13189,0
7862,0
323661,0
2759,0
663870,0
486947,0
167073,0
53457,0
13933,0
197082,0
57212,0
3086,0
73624,0
53486,0
12140,0
10312,0
764,0
435577,0
152780,0
14675,0
10938,0
4771,0
1433,0
318781,0
58857,0
3176,0
1672,0
377,0
407449,0
338766,0
47653,0
21348,0
17814,0
2502,0
330457,0
18785,0
17687,0
11072,0
9090,0
552,0
512895,0
396263,0
10857,0
10440,0
550231,0
508763,0
425373,0
119450,0
49538,0
1725,0
585245,0
400617,0
360737,0
785539,0
356296,0
245842,0
191714,0
122917,0
39148,0
44264,0
14447,0
1491,0
14621,0
618355,0
10647,0
82825,0
11713,0
6619,0
199,0
440596,0
99861,0
11450,0
1888,0
1802,0
19625,0
9603,0
502425,0
177,0
112198,0
21032,0
537056,0
45612,0
859,0
69735,0
11197,0
612368,0
390497,0
10112,0
87,0
259693,0
16227,0
245168,0
93289,0
41662,0
14646,0
13597,0
9474,0
449674,0
43361,0
11886,0
340,0
392982,0
43920,0
583903,0
361380,0
64956,0
61791,0
11868,0
8393,0
785663,0
391713,0
80184,0
18311,0
9325,0
594530,0
324552,0
152603,0
10722,0
549053,0
454983,0
15359,0
813,0
246,0
591275,0
591274,0
15152,0
12900,0
6145,0
10139,0
140212,0
16085,0
10795,0
1830,0
1254,0
922,0
420622,0
9833,0
408537,0
70670,0
16563,0
10360,0
8424,0
941,0
766,0
499932,0
209274,0
15487,0
518671,0
21641,0
15255,0
14003,0
861,0
837,0
424488,0
11305,0
10086,0
581734,0
5548,0
227,0
14202,0
10518,0
121875,0
41201,0
36728,0
7340,0
1265,0
818397,0
487491,0
19908,0
9267,0
472674,0
363579,0
336845,0
129112,0
68734,0
276624,0
12162,0
1716,0
1088,0
375315,0
300671,0
220289,0
56831,0
19913,0
2657,0
453278,0
374205,0
671583,0
109445,0
66125,0
385128,0
17159,0
11986,0
11035,0
8374,0
1850,0
979,0
618353,0
1262,0
436,0
345920,0
329819,0
198277,0
12614,0
10149,0
8923,0
509,0
449924,0
417678,0
50646,0
18947,0
5590,0
364689,0
451,0
403,0
613504,0
1598,0
323677,0
51497,0
45958,0
393624,0
112949,0
57447,0
44018,0
35690,0
11929,0
2270,0
504,0
399055,0
14320,0
11109,0
493922,0
317557,0
76543,0
34433,0
2609,0
557,0
475215,0
297762,0
15196,0
250480,0
16436,0
168259,0
38684,0
2277,0
1278,0
27275,0
19597,0
16907,0
11020,0
10617,0
2654,0
67884,0
11577,0
459,0
475946,0
17111,0
10452,0
9078,0
5506,0
2576,0
761,0
618354,0
401104,0
259954,0
42979,0
18320,0
18183,0
16136,0
10397,0
10009,0
12762,0
5825,0
3543,0
1878,0
1420,0
258230,0
34070,0
2014,0
1640,0
297,0
346364,0
11209,0
446696,0
338189,0
244403,0
11044,0
8844,0
60308,0
11773,0
10501,0
1572,0
489925,0
465136,0
2771,0
285,0
372519,0
298115,0
20345,0
10886,0
6537,0
7913,0
506,0
577922,0
130925,0
20367,0
14047,0
13283,0
10693,0
404368,0
10860,0
1818,0
519141,0
11951,0
11330,0
321528,0
16520,0
10421,0
366924,0
20352,0
6978,0
522478,0
296098,0
156022,0
29005,0
25205,0
515916,0
370964,0
12622,0
10511,0
623,0
520736,0
72570,0
34134,0
778730,0
213121,0
6037,0
13156,0
12598,0
2567,0
1857,0
1367,0
639933,0
37136,0
479226,0
348657,0
558,0
818750,0
241863,0
547016,0
519035,0
407655,0
33511,0
10772,0
595671,0
436343,0
44874,0
9576,0
5902,0
436391,0
179150,0
45162,0
43266,0
19178,0
13688,0
11837,0
2055,0
37724,0
20283,0
14359,0
14299,0
646380,0
342473,0
10403,0
9837,0
606,0
324849,0
168,0
11850,0
9701,0
268,0
62215,0
13012,0
11502,0
11051,0
10243,0
2760,0
844,0
9473,0
34584,0
28118,0
14306,0
469,0
30074,0
11647,0
8088,0
429200,0
110398,0
16562,0
11832,0
9502,0
399366,0
340270,0
287495,0
167,0
256962,0
25846,0
21519,0
399579,0
86829,0
14807,0
14168,0
12232,0
170,0
187022,0
79707,0
51241,0
10559,0
3059,0
374671,0
13885,0
12481,0
9388,0
542178,0
251,0
42297,0
26617,0
12717,0
11772,0
695,0
90,0
581997,0
330483,0
97365,0
59421,0
10528,0
9071,0
6479,0
257211,0
10178,0
1538,0
809,0
411728,0
23168,0
22954,0
12092,0
9560,0
9013,0
8363,0
10673,0
39057,0
30197,0
23566,0
3549,0
266,0
616251,0
602223,0
385103,0
205601,0
56825,0
16620,0
5176,0
2355,0
672647,0
636698,0
10925,0
5236,0
447061,0
14375,0
10601,0
6023,0
571785,0
352490,0
204436,0
39108,0
28043,0
20982,0
12877,0
353326,0
103758,0
88284,0
72113,0
15370,0
13368,0
10150,0
4952,0
1714,0
788,0
138,0
319888,0
48254,0
517148,0
398173,0
70160,0
460465,0
329805,0
2832,0
406990,0
6396,0
777270,0
325113,0
9400,0
1621,0
50348,0
24804,0
13001,0
4518,0
14325,0
11703,0
1213,0
916,0
285733,0
44826,0
38700,0
18030,0
4538,0
535544,0
117691,0
55931,0
4176,0
400090,0
177677,0
24615,0
22302,0
11524,0
11489,0
476,0
754067,0
335360,0
68722,0
51876,0
11660,0
8438,0
988,0
198663,0
3111,0
585077,0
376660,0
75624,0
458,0
657644,0
63310,0
25431,0
10625,0
8963,0
8879,0
8583,0
7445,0
59468,0
4688,0
1164,0
607,0
409,0
21183,0
14859,0
12159,0
10223,0
59,0
537915,0
403431,0
11222,0
11176,0
11093,0
8329,0
6106,0
4588,0
226448,0
44716,0
14903,0
1885,0
606952,0
118628,0
79224,0
17581,0
504949,0
11328,0
11287,0
9540,0
49047,0
1271,0
978,0
512263,0
355338,0
294016,0
96714,0
71524,0
22527,0
12230,0
11575,0
11446,0
4415,0
664300,0
633515,0
475094,0
396774,0
323027,0
31602,0
12289,0
10876,0
509364,0
11165,0
243,0
797394,0
279229,0
98622,0
15283,0
536743,0
438740,0
7350,0
597219,0
524047,0
15067,0
2117,0
964,0
54551,0
23637,0
10648,0
511809,0
363676,0
334517,0
12105,0
11639,0
501170,0
11646,0
2024,0
994,0
744275,0
271714,0
188538,0
116745,0
42661,0
14291,0
6615,0
2153,0
680531,0
474354,0
653349,0
522162,0
458423,0
10198,0
10102,0
551,0
421,0
581389,0
396371,0
130739,0
71325,0
10564,0
10476,0
570670,0
530385,0
297270,0
2668,0
609,0
537996,0
15588,0
11485,0
9660,0
336050,0
40807,0
11382,0
4441,0
2280,0
454640,0
37767,0
8222,0
420821,0
403300,0
254172,0
19186,0
12584,0
1548,0
420818,0
335787,0
13666,0
13041,0
9829,0
487672,0
281338,0
82881,0
15712,0
14794,0
10948,0
2998,0
1627,0
557940,0
573,0
336000,0
14748,0
12473,0
11457,0
10634,0
9441,0
647,0
542921,0
522039,0
428449,0
1574,0
752505,0
618416,0
487242,0
10830,0
10531,0
4552,0
635,0
440472,0
11533,0
9820,0
1997,0
612,0
537055,0
19562,0
16161,0
10142,0
9741,0
560044,0
68730,0
19265,0
17887,0
10141,0
203,0
9303,0
585083,0
473033,0
449749,0
420817,0
147773,0
11153,0
10994,0
565179,0
19236,0
17358,0
38810,0
10162,0
3073,0
599281,0
340613,0
652,0
811634,0
632666,0
517331,0
371638,0
75258,0
13459,0
473,0
639721,0
123377,0
58574,0
69315,0
10986,0
9846,0
4192,0
63831,0
291270,0
82693,0
8051,0
2100,0
327,0
206563,0
89636,0
48034,0
38438,0
11897,0
11316,0
8470,0
1089,0
9322,0
276,0
606954,0
212778,0
196024,0
22383,0
12914,0
249688,0
11634,0
109410,0
785538,0
532814,0
11042,0
10590,0
2028,0
567604,0
23483,0
18912,0
65,0
759175,0
369523,0
336843,0
19833,0
13701,0
25300,0
15400,0
11296,0
4643,0
335797,0
308639,0
16553,0
7972,0
2323,0
711,0
267,0
506281,0
36950,0
25736,0
5488,0
1682,0
696806,0
507076,0
324560,0
27725,0
19703,0
19123,0
11177,0
8697,0
408,0
394374,0
365942,0
353728,0
272878,0
11462,0
1924,0
401,0
302429,0
157370,0
727745,0
340027,0
30159,0
8428,0
1259,0
441829,0
31587,0
11050,0
5693,0
157832,0
11815,0
617762,0
12579,0
11687,0
10537,0
10340,0
1807,0
411,0
799876,0
46829,0
12545,0
11934,0
1443,0
641662,0
468225,0
302401,0
203801,0
77495,0
23169,0
13925,0
468198,0
20410,0
16608,0
9769,0
8619,0
1555,0
430447,0
351339,0
321741,0
103332,0
15906,0
14412,0
277217,0
14533,0
11620,0
8095,0
6173,0
508,0
239563,0
1730,0
886,0
310307,0
9787,0
18299,0
18240,0
437033,0
290250,0
129533,0
13928,0
418680,0
2769,0
365045,0
283552,0
5916,0
102651,0
10545,0
9316,0
8092,0
1637,0
241,0
651070,0
370755,0
315011,0
209276,0
120605,0
102899,0
12144,0
10895,0
9464,0
624,0
718032,0
524434,0
11075,0
173,0
568467,0
455207,0
282631,0
10644,0
606679,0
527435,0
248933,0
45094,0
17443,0
3291,0
570131,0
461615,0
127373,0
17264,0
14072,0
927,0
860,0
440642,0
16211,0
5698,0
593660,0
152584,0
78480,0
14292,0
1440,0
1103,0
522241,0
505954,0
393519,0
10653,0
461955,0
429191,0
546,0
269494,0
254201,0
3053,0
9802,0
3293,0
615665,0
197950,0
59474,0
26748,0
567189,0
328387,0
4727,0
661914,0
19971,0
657,0
445,0
399121,0
12143,0
7485,0
4104,0
1623,0
116149,0
30890,0
8764,0
2007,0
1900,0
382399,0
211052,0
5335,0
2671,0
468,0
636565,0
64720,0
8053,0
556678,0
485166,0
270400,0
501633,0
472451,0
91417,0
38397,0
22536,0
10497,0
9281,0
926,0
18971,0
1581,0
734265,0
127517,0
79113,0
43539,0
11636,0
9631,0
1584,0
13920,0
909,0
9393,0
811367,0
588921,0
11000,0
429197,0
172106,0
103328,0
33613,0
778,0
412202,0
77877,0
43959,0
12259,0
44115,0
14886,0
13633,0
9675,0
348089,0
11797,0
9994,0
4512,0
722913,0
28384,0
17187,0
1547,0
293,0
287947,0
614488,0
103731,0
3033,0
579583,0
15060,0
838,0
300,0
505600,0
14135,0
8982,0
232,0
528888,0
507086,0
156700,0
414453,0
10868,0
7980,0
760883,0
567609,0
127380,0
56292,0
483,0
716612,0
297556,0
251519,0
15765,0
82684,0
13580,0
664413,0
7326,0
508101,0
369972,0
364051,0
9696,0
9606,0
236028,0
15015,0
8469,0
333352,0
5919,0
1374,0
597208,0
558582,0
459950,0
82633,0
43347,0
36955,0
24589,0
18861,0
836225,0
458737,0
17379,0
13378,0
11770,0
1643,0
526,0
470333,0
445651,0
388399,0
250734,0
302946,0
1694,0
525183,0
26039,0
1987,0
62204,0
11224,0
556803,0
366564,0
10514,0
2742,0
236735,0
457799,0
2054,0
332283,0
13550,0
11336,0
118,0
367544,0
10974,0
9905,0
1485,0
651,0
524348,0
524251,0
84199,0
11527,0
8293,0
378,0
732450,0
391757,0
233063,0
49948,0
381356,0
228970,0
615774,0
452187,0
18254,0
13320,0
62211,0
12502,0
644,0
56020,0
21542,0
11831,0
11337,0
9427,0
8653,0
604,0
745881,0
29987,0
11219,0
10217,0
398,0
53487,0
16729,0
14943,0
11975,0
10339,0
8079,0
883,0
174,0
56648,0
11509,0
408508,0
39105,0
254320,0
11973,0
11893,0
11085,0
10439,0
7299,0
581032,0
103747,0
74306,0
13989,0
1662,0
931,0
412117,0
36658,0
14030,0
9450,0
7270,0
1090,0
256835,0
37347,0
10536,0
847,0
582873,0
11257,0
7304,0
924,0
926899,0
648579,0
101731,0
31906,0
11576,0
8408,0
281,0
458253,0
22201,0
11454,0
348893,0
341744,0
77887,0
6418,0
500849,0
17917,0
13785,0
4946,0
2907,0
533,0
12225,0
11447,0
754,0
402897,0
300669,0
858815,0
718633,0
587301,0
399057,0
24163,0
9555,0
22855,0
12335,0
1382,0
561,0
525686,0
332872,0
744,0
646207,0
487611,0
13909,0
9812,0
2604,0
1890,0
619264,0
501907,0
495764,0
733156,0
433945,0
374475,0
348668,0
85739,0
14752,0
755,0
325690,0
10220,0
1073,0
18533,0
9533,0
942,0
864,0
1024,0
160588,0
87093,0
15767,0
11121,0
4464,0
402900,0
91342,0
62177,0
16938,0
16153,0
11971,0
11571,0
10753,0
664031,0
379686,0
43923,0
22826,0
3170,0
646,0
534338,0
1715,0
604578,0
394741,0
337556,0
33583,0
11696,0
9766,0
2623,0
1985,0
446354,0
338967,0
26973,0
12476,0
563,0
465914,0
263109,0
48714,0
14506,0
505706,0
246355,0
33680,0
9542,0
276907,0
11690,0
30675,0
11360,0
6968,0
534259,0
298382,0
16007,0
130150,0
73532,0
14070,0
1958,0
35,0
555561,0
528949,0
340357,0
36657,0
14139,0
12919,0
1771,0
508791,0
12089,0
9045,0
586,0
587807,0
458723,0
436931,0
395993,0
24253,0
1165,0
468224,0
450489,0
354859,0
323372,0
16198,0
9036,0
365222,0
343668,0
16140,0
12783,0
7343,0
491926,0
381283,0
64685,0
20766,0
11942,0
11205,0
1553,0
447404,0
397837,0
336222,0
50472,0
44009,0
33914,0
24469,0
659,0
426865,0
175774,0
12149,0
10436,0
9798,0
170657,0
109417,0
11916,0
2061,0
2383,0
495193,0
25504,0
20077,0
10707,0
580489,0
363088,0
308084,0
76025,0
49009,0
9386,0
2109,0
97630,0
71864,0
25670,0
22660,0
13675,0
11631,0
1255,0
523777,0
373889,0
333371,0
154030,0
50723,0
37056,0
15775,0
12889,0
666750,0
35558,0
1630,0
407447,0
11836,0
10839,0
10130,0
4012,0
321612,0
13751,0
11826,0
340684,0
285783,0
67913,0
16093,0
4886,0
699102,0
525946,0
398175,0
196254,0
41428,0
37653,0
37495,0
512200,0
227735,0
21448,0
13809,0
4148,0
2164,0
397538,0
40751,0
480530,0
11864,0
454652,0
291984,0
76535,0
670429,0
21208,0
18573,0
13198,0
9434,0
3472,0
500860,0
26428,0
9487,0
8072,0
20770,0
84329,0
25676,0
15016,0
12187,0
10937,0
9929,0
630004,0
423899,0
37950,0
17965,0
9392,0
1272,0
204082,0
56590,0
55787,0
15805,0
12186,0
392,0
458342,0
76492,0
23202,0
15163,0
9732,0
628534,0
419743,0
322125,0
31900,0
22373,0
11937,0
11561,0
8841,0
265228,0
178682,0
46705,0
19494,0
10443,0
426613,0
49530,0
542928,0
429199,0
337401,0
13715,0
13416,0
11536,0
10445,0
2044,0
634528,0
128136,0
11848,0
10865,0
615904,0
591538,0
384677,0
320006,0
11006,0
936,0
317560,0
180863,0
97367,0
24684,0
10122,0
9746,0
8195,0
6471,0
82424,0
74534,0
50393,0
17445,0
13939,0
236,0
361292,0
35138,0
15789,0
10560,0
10530,0
954,0
676,0
22494,0
4836,0
658760,0
588009,0
62837,0
25196,0
24420,0
18444,0
11791,0
2750,0
58522,0
10423,0
10236,0
284305,0
103269,0
2064,0
347031,0
13776,0
25508,0
9909,0
787752,0
763285,0
596161,0
35854,0
28053,0
9390,0
1381,0
320,0
45284,0
785533,0
642208,0
432068,0
425134,0
29193,0
532865,0
113947,0
77174,0
68721,1
14295,0
11652,0
1951,0
241771,0
11386,0
11156,0
10858,0
339987,0
39254,0
13537,0
10882,0
9952,0
8052,0
760336,0
15515,0
12528,0
11393,0
1535,0
419639,0
369883,0
204668,0
70667,0
49018,0
38055,0
2469,0
833425,0
741074,0
432527,0
85446,0
63700,0
10083,0
38366,0
703771,0
179826,0
60670,0
12560,0
10995,0
2048,0
542417,0
473072,0
355111,0
87825,0
62214,0
12920,0
9880,0
9300,0
508664,0
339692,0
11689,0
1412,0
422803,0
114955,0
34067,0
484482,0
432087,0
157350,0
48303,0
17612,0
9799,0
6878,0
912,0
590854,0
377897,0
228108,0
16638,0
11616,0
10166,0
892153,0
49444,0
10655,0
50270,0
32646,0
21506,0
11590,0
8009,0
274870,0
53596,0
592834,0
502422,0
121835,0
48769,0
620725,0
400155,0
120475,0
116440,0
9692,0
5185,0
3432,0
2289,0
308,0
643882,0
514207,0
334304,0
307103,0
203819,0
49519,0
14637,0
13931,0
854,0
91739,0
538207,0
127846,0
127560,0
93456,0
13253,0
9430,0
423646,0
384680,0
242090,0
192141,0
559969,0
9263,0
2295,0
91010,0
51162,0
38408,0
10218,0
491472,0
14831,0
11820,0
11329,0
11054,0
1573,0
582206,0
297802,0
11477,0
9003,0
1770,0
304410,0
619778,0
78215,0
8833,0
299537,0
68924,0
26466,0
16281,0
13339,0
12101,0
8068,0
2758,0
337339,0
19204,0
12153,0
11033,0
31967,0
14556,0
8390,0
338768,0
300687,0
14410,0
9591,0
565426,0
15927,0
9007,0
1832,0
338952,0
310593,0
65215,0
19576,0
10973,0
766798,0
407890,0
400136,0
41110,0
24752,0
86130,0
71689,0
20649,0
14411,0
11367,0
221902,0
12281,0
2253,0
531876,0
34205,0
1931,0
255718,0
79108,0
13127,0
10228,0
10027,0
1808,0
868,0
293982,0
68341,0
19933,0
14011,0
5279,0
547,0
249,0
424277,0
226857,0
210479,0
21946,0
4484,0
522098,0
465003,0
377154,0
11593,0
11227,0
6936,0
364,0
527729,0
476669,0
380111,0
256591,0
110415,0
10607,0
9942,0
9667,0
140870,0
23479,0
369778,0
26719,0
21588,0
11879,0
9503,0
8882,0
28501,0
10627,0
4772,0
920,0
390043,0
171372,0
131634,0
55347,0
12763,0
2322,0
1267,0
319995,0
513310,0
10711,0
1934,0
425703,0
308266,0
254470,0
474350,0
796499,0
384018,0
310131,0
14012,0
9443,0
662546,0
258216,0
14613,0
12268,0
10776,0
9762,0
9026,0
402,0
13497,0
3079,0
2196,0
710,0
38939,0
27850,0
10297,0
9684,0
55292,0
10779,0
537059,0
405774,0
14310,0
12665,0
14830,0
177888,0
4193,0
192136,0
64688,0
24679,0
10323,0
1648,0
308032,0
7874,0
7305,0
953,0
67660,0
15849,0
15143,0
400535,0
152737,0
31175,0
12244,0
11148,0
9344,0
2039,0
574436,0
26648,0
11170,0
9778,0
5876,0
564,0
785457,0
437109,0
271397,0
181808,0
17845,0
11071,0
539651,0
171337,0
25961,0
25195,0
1999,0
429300,0
85889,0
59967,0
42188,0
17578,0
2259,0
181886,0
11617,0
11004,0
5729,0
521777,0
470229,0
252822,0
83542,0
11208,0
498402,0
467956,0
424998,0
319337,0
9663,0
51999,0
278927,0
175112,0
168903,0
25565,0
11087,0
1495,0
475759,0
14900,0
14746,0
14367,0
31997,0
18937,0
17979,0
14097,0
598331,0
72976,0
15708,0
638597,0
9602,0
9476,0
526050,0
15058,0
140300,0
4170,0
267463,0
260514,0
109584,0
68726,0
11018,0
9314,0
602,0
15867,0
10276,0
379149,0
22971,0
2300,0
401898,0
326359,0
168672,0
82507,0
18093,0
17365,0
10934,0
846,0
8974,0
4031,0
466,0
400020,0
187017,0
184352,0
450322,0
445629,0
193613,0
19185,0
254,0
110390,0
24750,0
2926,0
1946,0
597156,0
581392,0
445571,0
335983,0
245473,0
232672,0
8953,0
424781,0
9270,0
8881,0
3683,0
836009,0
725201,0
524216,0
402298,0
337170,0
207933,0
11076,0
1921,0
417870,0
252171,0
10697,0
6399,0
957,0
525661,0
2652,0
1817,0
15856,0
11463,0
5889,0
253980,0
9058,0
8326,0
2787,0
879,0
133121,0
17360,0
9359,0
7291,0
342672,0
314402,0
265189,0
253331,0
235260,0
34463,0
13435,0
10138,0
8272,0
291805,0
243683,0
14337,0
8367,0
8366,0
2614,0
446021,0
393457,0
374416,0
2112,0
2005,0
534490,0
472734,0
454227,0
30508,0
29702,0
238713,0
77878,0
37768,0
10015,0
9362,0
2288,0
1371,0
414770,0
10780,0
592984,0
579047,0
527246,0
393764,0
353486,0
338953,0
44835,0
39144,0
10362,0
514921,0
227973,0
11873,0
8852,0
7551,0
817648,0
440161,0
427348,0
417670,0
370663,0
13813,0
539892,0
84332,0
84175,0
56804,0
95,0
13192,0
11439,0
9871,0
9451,0
513347,0
41233,0
29161,0
22947,0
22051,0
15723,0
919,0
504603,0
399402,0
300666,0
15247,0
11774,0
8848,0
554241,0
377799,0
56415,0
33908,0
19200,0
13285,0
10998,0
2462,0
1991,0
1833,0
1824,0
296524,0
11843,0
11091,0
16270,0
2755,0
2140,0
614292,0
338762,0
297725,0
262551,0
19403,0
11935,0
11381,0
811592,0
10935,0
9563,0
934761,0
475132,0
170522,0
11013,0
520765,0
500475,0
15167,0
9647,0
504172,0
426338,0
65057,0
1871,0
401847,0
253412,0
82992,0
39013,0
13342,0
5854,0
4929,0
449992,0
446894,0
303857,0
256917,0
209451,0
9059,0
258152,0
225574,0
15157,0
11092,0
10019,0
37735,0
11144,0
8769,0
188166,0
10649,0
3509,0
1246,0
11708,0
11592,0
390734,0
77459,0
569547,0
283704,0
592863,0
11162,0
577242,0
348765,0
278427,0
272693,0
98548,0
12178,0
8193,0
431,0
441393,0
332979,0
72190,0
54441,0
9282,0
1125,0
158011,0
86838,0
38537,0
25284,0
15144,0
1903,0
614560,0
294963,0
50839,0
11163,0
9567,0
9433,0
482981,0
369192,0
283366,0
76726,0
20762,0
332794,0
150689,0
105077,0
49049,0
44629,0
138832,0
131631,0
44249,0
27554,0
4985,0
454,0
548066,0
55725,0
13682,0
6961,0
567797,0
286519,0
186161,0
339405,0
61667,0
5038,0
2163,0
1978,0
400579,0
87502,0
477510,0
277,0
57214,0
16995,0
763152,0
739993,0
523773,0
256924,0
198185,0
159824,0
2142,0
616651,0
360920,0
44351,0
14924,0
10222,0
796,0
24100,0
2023,0
478159,0
369770,0
340485,0
11522,0
8489,0
530723,0
491283,0
21474,0
11129,0
11086,0
11003,0
1721,0
606566,0
600583,0
448776,0
258322,0
33542,0
28089,0
25941,0
2616,0
2255,0
774825,0
621870,0
107985,0
36568,0
2266,0
649394,0
318917,0
11223,0
8976,0
603519,0
538225,0
44896,0
26171,0
10785,0
9655,0
351145,0
512195,0
188927,0
126963,0
91745,0
41402,0
13510,0
13179,0
578701,0
460059,0
353571,0
157841,0
12626,0
11904,0
10115,0
9737,0
228161,0
28176,0
20504,0
10692,0
522931,0
438747,0
369885,0
14609,0
11022,0
9481,0
9469,0
4587,0
1365,0
198184,0
51209,0
37137,0
19548,0
17908,0
12706,0
12573,0
752623,0
19997,0
13509,0
9387,0
1947,0
463319,0
10195,0
37777,0
11448,0
2293,0
1696,0
1680,0
591273,0
419635,0
261102,0
249397,0
10212,0
10156,0
9953,0
1494,0
321697,0
6973,0
416194,0
252178,0
174733,0
4523,0
65760,0
14522,0
9319,0
337676,0
10258,0
2161,0
454527,0
20115,0
634,0
646385,0
154400,0
57243,0
48175,0
41216,0
12205,0
10552,0
8942,0
691,0
231176,0
207686,0
63578,0
468202,0
458576,0
303991,0
10837,0
597094,0
421447,0
795,0
464502,0
325189,0
25475,0
16962,0
11959,0
10226,0
543343,0
360784,0
13685,0
10846,0
760104,0
616803,0
145247,0
82520,0
22798,0
9031,0
712,0
655187,0
49367,0
38285,0
13691,0
9538,0
9374,0
443463,0
419709,0
352161,0
347626,0
276843,0
13667,0
12160,0
11780,0
11319,0
10758,0
9749,0
9654,0
9272,0
9062,0
535292,0
15762,0
2362,0
1858,0
244506,0
74465,0
11307,0
10897,0
9519,0
449443,0
283235,0
37686,0
11455,0
401246,0
376570,0
347866,0
618162,0
46169,0
18377,0
11185,0
9789,0
4547,0
467632,0
96724,0
17894,0
9326,0
4912,0
632357,0
29917,0
11253,0
776797,0
205775,0
10744,0
36647,0
9972,0
9411,0
8348,0
1870,0
13971,0
9740,0
8536,0
3784,0
43645,0
21481,0
18095,0
14635,0
11541,0
4566,0
496,0
629017,0
619297,0
529106,0
452970,0
79443,0
13258,0
11974,0
11313,0
1875,0
105864,0
51052,0
5994,0
653598,0
17467,0
57112,0
39104,0
37233,0
31135,0
14181,0
11838,0
11259,0
500682,0
499701,0
269650,0
16367,0
8292,0
517839,0
74513,0
14553,0
14022,0
13312,0
1439,0
790142,0
360605,0
245698,0
13648,0
11507,0
10045,0
515195,0
504631,0
474335,0
16992,0
11134,0
3573,0
459992,0
381719,0
72432,0
412656,0
116979,0
14611,0
11497,0
8456,0
660833,0
209263,0
21683,0
10399,0
257,0
294254,0
53957,0
27585,0
7985,0
16121,0
9100,0
578189,0
254375,0
13763,0
11880,0
11633,0
617502,0
107846,0
62630,0
46655,0
1552,0
276844,0
15171,0
10060,0
14392,0
13676,0
8880,0
8871,0
7443,0
347026,0
254578,0
10729,0
10586,0
9960,0
858,0
471474,0
239566,0
44718,0
38050,0
37606,0
8967,0
8355,0
6435,0
299582,0
11235,0
399170,0
27995,0
10364,0
8835,0
616037,0
504562,0
390669,0
9318,0
455980,0
381262,0
22307,0
13640,0
11009,0
9367,0
2179,0
581387,0
443009,0
283350,0
10591,0
9819,0
658751,0
484510,0
212716,0
82703,0
33196,0
12509,0
11542,0
8699,0
4271,0
2016,0
599845,0
185567,0
28942,0
13820,0
591,0
463858,0
48415,0
12246,0
12233,0
12223,0
11558,0
57737,0
46138,0
9919,0
4978,0
402529,0
10855,0
4517,0
1701,0
913,0
667869,0
644495,0
597891,0
542830,0
532953,0
438799,0
392044,0
384664,0
30596,0
13851,0
7012,0
2897,0
956,0
585216,0
374458,0
316152,0
15674,0
12508,0
10096,0
546630,0
511322,0
454467,0
119675,0
31608,0
11967,0
11302,0
943,0
568091,0
339419,0
200505,0
8872,0
5486,0
287,0
448119,0
424783,0
334522,0
190880,0
493551,0
397243,0
35554,0
9558,0
2669,0
732670,0
301351,0
166076,0
45610,0
605,0
97,0
55420,0
38199,0
17332,0
15854,0
12684,0
2621,0
298,0
462883,0
336882,0
284303,0
10510,0
9599,0
5255,0
1936,0
350499,0
24016,0
337167,0
278236,0
46195,0
11184,0
10133,0
2925,0
653744,0
505948,0
353066,0
581726,0
11371,0
10731,0
1909,0
768,0
136799,0
39514,0
30163,0
18198,0
10873,0
10675,0
549,0
615667,0
250235,0
21159,0
9659,0
8736,0
310,0
547565,0
484641,0
65291,0
39513,0
513045,0
416186,0
262391,0
11340,0
10464,0
8328,0
44251,0
7229,0
645710,0
575776,0
75900,0
52744,0
13448,0
244772,0
12651,0
3989,0
328425,0
16395,0
8065,0
177699,0
406994,0
727293,0
450465,0
445793,0
429662,0
16241,0
9726,0
4437,0
790,0
517116,0
435126,0
290864,0
280217,0
10629,0
494974,0
426249,0
313922,0
13061,0
571891,0
340176,0
262789,0
46146,0
9781,0
823855,0
339095,0
10316,0
373571,0
28696,0
11601,0
9869,0
610253,0
458594,0
201749,0
15592,0
4349,0
4108,0
375183,0
360638,0
329996,0
135397,0
20156,0
2001,0
244539,0
10183,0
150,0
468362,0
454458,0
353070,0
34942,0
574376,0
401200,0
394684,0
340101,0
75802,0
6312,0
5175,0
2924,0
950,0
760747,0
635731,0
273153,0
172803,0
91586,0
77499,0
9044,0
8271,0
3595,0
1930,1
772,0
315664,0
267999,0
36897,0
25189,0
11622,0
438145,0
170687,0
13105,0
3064,0
417466,0
245916,0
46420,0
24803,0
13804,0
9283,0
586461,0
27431,0
12227,0
787,0
256274,0
209361,0
11583,0
594188,0
51980,0
11322,0
9588,0
8669,0
171540,0
17609,0
7453,0
2976,0
624860,0
454619,0
433252,0
223485,0
28260,0
8265,0
1597,0
405177,0
25389,0
25095,0
568620,0
16366,0
11548,0
87492,0
448095,0
209185,0
41663,0
11977,0
10264,0
1911,0
1635,0
706503,0
555850,0
337674,0
238636,0
50544,0
13531,0
7859,0
6522,0
661231,0
321751,0
8349,0
619,0
276908,0
9739,0
9685,0
541660,0
514847,0
413658,0
24767,0
10072,0
1389,0
12609,0
11468,0
3021,0
1887,0
227719,0
50546,0
48138,0
10158,0
1788,0
232679,0
232175,0
10427,0
236737,0
46332,0
44683,0
15356,0
13672,0
2675,0
622855,0
444090,0
11130,0
10388,0
10010,0
8270,0
1487,0
1364,0
532938,0
492452,0
236751,0
50837,0
9763,0
7191,0
1826,0
245,0
66,0
706972,0
347123,0
21755,0
9297,0
601666,0
484247,0
481084,0
367999,0
124157,0
47854,0
41610,0
5001,0
575428,0
513576,0
21385,0
12520,0
11566,0
5126,0
474331,0
418879,0
9357,0
440021,0
157386,0
56551,0
15300,0
11835,0
9489,0
157,0
589524,0
41211,0
10176,0
6072,0
470918,0
166426,0
86825,0
35052,0
13922,0
12150,0
5780,0
694256,0
483104,0
201085,0
19255,0
12151,0
9638,0
83686,0
52274,0
39538,0
28609,0
10201,0
509598,0
417812,0
241855,0
236399,0
136403,0
19458,0
14197,0
10719,0
1624,0
420426,0
401513,0
56812,0
10393,0
660,0
325789,0
38718,0
23439,0
12184,0
11135,0
5206,0
1957,0
551804,0
500840,0
64328,0
22244,0
12599,0
7457,0
471498,0
345887,0
246860,0
162215,0
13291,0
9079,0
8223,0
565,0
11283,0
10585,0
113160,0
1266,0
645788,0
9410,0
451925,0
330764,0
37645,0
9336,0
7219,0
3635,0
1992,0
245775,0
70954,0
36819,0
25319,0
18415,0
16340,0
9687,0
9463,0
382595,0
363992,0
49517,0
29963,0
20306,0
11655,0
10999,0
192577,0
20760,0
10803,0
6964,0
729720,0
56589,0
11520,0
6415,0
68727,0
8649,0
177494,0
619278,0
613099,0
339964,0
20539,0
11012,0
10687,0
10328,0
1948,0
341012,0
529485,0
332210,0
32042,0
11422,0
11412,0
9614,0
9517,0
81440,0
31007,0
22171,0
14029,0
12113,0
4169,0
309245,0
10189,0
4944,0
715123,0
382322,0
241848,0
61404,0
14370,0
6639,0
529862,0
22414,0
17689,0
2454,0
26388,0
15393,0
5595,0
359246,0
21309,0
13122,0
10333,0
39103,0
15742,0
331588,0
317198,0
12155,0
2330,0
457136,0
152747,0
489927,0
436274,0
250124,0
11654,0
9313,0
7555,0
310135,0
136795,0
12720,0
8874,0
8738,0
433310,0
18331,0
11211,0
8827,0
1576,0
720755,0
38410,0
13768,0
9707,0
11183,0
7446,0
3179,0
78698,0
8266,0
334524,0
413644,0
332340,0
241239,0
75612,0
10875,0
9331,0
3525,0
68817,0
62592,0
46528,0
21316,0
9087,0
2251,0
1729,0
13155,0
10155,0
1610,0
511785,0
62835,0
13062,0
11884,0
11338,0
1498,0
554230,0
315872,0
205022,0
10664,0
503125,0
413518,0
351044,0
10503,0
9534,0
7450,0
512,0
601470,0
10691,0
10215,0
8913,0
3902,0
1369,0
26736,0
10952,0
2059,0
471506,0
440626,0
81250,0
22794,0
16910,0
9093,0
613349,0
13967,0
10668,0
8467,0
469055,0
9900,0
9442,0
8204,0
1571,0
396422,0
38368,0
22586,0
15613,0
2148,0
577,0
49521,0
39781,0
11515,0
6575,0
92591,0
48492,0
45132,0
18764,0
18126,0
8992,0
944,0
80321,0
14854,0
5951,0
2110,0
565743,0
80274,0
18129,0
10412,0
489430,0
300693,0
13090,0
10414,0
484718,0
396810,0
24740,0
14249,0
11624,0
9913,0
480857,0
64678,0
9403,0
345009,0
253306,0
241842,0
10135,0
306650,0
43629,0
22970,0
14926,0
9917,0
8834,0
2788,0
6,0
109421,0
56832,0
27936,0
8066,0
25,0
239678,0
11430,0
9816,0
9689,0
2882,0
1562,0
309299,0
143567,0
10947,0
9291,0
8961,0
2779,0
311291,0
12924,0
12690,0
11635,0
11443,0
9613,0
877183,0
11887,0
11027,0
10970,0
8461,0
6972,0
481157,0
435707,0
39939,0
8005,0
544,0
390062,0
76338,0
75780,0
50456,0
16418,0
8696,0
4564,0
668,0
339259,0
171274,0
60307,0
348350,0
300673,0
264656,0
20178,0
9768,0
1945,0
480001,0
20455,0
11372,0
2123,0
353616,0
2605,0
153158,0
9445,0
428495,0
411638,0
410117,0
59860,0
14397,0
11364,0
10493,0
8198,0
2290,0
1586,0
398588,0
186929,0
60309,0
51917,0
51540,0
123,0
370665,0
83899,0
75174,0
11064,0
166,0
581859,0
9944,0
351286,0
44945,0
14510,0
11365,0
10909,0
9532,0
449756,0
206408,0
36801,0
21407,0
18503,0
12185,0
10409,0
290512,0
10354,0
19124,0
12637,0
8765,0
654028,0
468302,0
5353,0
1593,0
517088,0
270303,0
10874,0
10650,0
5955,0
4105,0
458897,0
37933,0
12165,0
12133,0
5121,0
773655,0
559907,0
458534,0
375366,0
244563,0
244509,0
241259,0
164457,0
48289,0
10656,0
10652,0
215,0
672741,0
325173,0
88005,0
9429,0
834,0
160139,0
27324,0
10961,0
9950,0
163,0
486131,0
397517,0
44865,0
537739,0
464052,0
11300,0
9529,0
34204,0
10389,0
193,0
487476,0
398181,0
345637,0
242042,0
15261,0
467482,0
231576,0
59387,0
9389,0
8446,0
6538,0
667,0
477018,0
438674,0
400,0
526051,0
524369,0
146304,0
73358,0
25155,0
227156,0
9595,0
669671,0
301365,0
257785,0
11681,0
8840,0
581600,0
426284,0
12079,0
9346,0
723072,0
12524,0
635744,0
522681,0
33875,0
13195,0
9585,0
726208,0
11814,0
11281,0
10539,0
1894,0
435921,0
339927,0
19898,0
157847,0
2105,0
542,0
529962,0
8488,0
7211,0
4413,0
3877,0
631843,0
626393,0
489326,0
467936,0
47218,0
10881,0
16538,0
11441,0
9342,0
8194,0
1990,0
605116,0
424139,0
376166,0
374465,0
83201,0
6081,0
39371,0
13704,0
11980,0
10147,0
399725,0
180894,0
12797,0
12775,0
282984,0
247182,0
87499,0
44048,0
17898,0
10872,0
8338,0
203793,0
38843,0
6950,0
55721,0
44129,0
10502,0
10490,0
248774,0
112336,0
8643,0
3638,0
816,0
623195,0
339408,0
13649,0
10890,0
628900,0
469056,0
227700,0
101669,0
11298,0
401981,0
11551,0
9352,0
575446,0
274857,0
22897,0
15070,0
13465,0
11023,0
4958,0
1865,0
673174,0
425591,0
423204,0
300155,0
238751,0
80389,0
489245,0
411736,0
34560,0
21861,0
13850,0
218425,0
9255,0
588,0
505026,0
258099,0
246655,0
11543,0
3049,0
536176,0
433422,0
53319,0
43947,0
2978,0
401545,0
14881,0
10800,0
9399,0
5139,0
788929,0
146216,0
60175,0
5879,0
400650,0
392207,0
271724,0
14136,0
14024,0
136400,0
73567,0
36218,0
13665,0
10484,0
1893,0
469274,0
11247,0
553604,0
528985,0
34065,0
10052,0
330,0
733317,0
206647,0
10760,0
9839,0
77221,0
14517,0
11400,0
544404,0
324744,0
309302,0
177271,0
24122,0
16119,0
1710,0
535,0
463843,0
245700,0
22832,0
10279,0
8748,0
492719,0
431819,0
407436,0
15655,0
13573,0
10126,0
8954,0
8288,0
274479,0
12610,0
11899,0
9716,0
1493,0
726429,0
520900,0
242224,0
10782,0
884,0
575100,0
464889,0
421471,0
347629,0
10569,0
7518,0
2360,0
293167,0
10622,0
273271,0
270946,0
146015,0
121826,0
37725,0
30689,0
8413,0
865,0
603119,0
553608,0
21629,0
15739,0
10347,0
6069,0
359983,0
70981,0
665251,0
475303,0
452773,0
417384,0
842,0
390054,0
728526,0
522938,0
376659,0
354279,0
97899,0
10398,0
482,0
204922,0
11282,0
10288,0
329712,0
267192,0
57825,0
38842,0
19405,0
10806,0
9664,0
2789,0
1965,0
287689,0
39874,0
582883,0
532620,0
72431,0
63492,0
12106,0
11198,0
5680,0
398929,0
36586,0
25059,0
740985,0
369230,0
38542,0
38363,0
444539,0
27958,0
10081,0
4729,0
341174,0
274862,0
270343,0
38575,0
492282,0
445040,0
84341,0
68724,0
41154,0
14317,0
8909,0
636,0
716258,0
68812,0
10866,0
10390,0
7516,0
802217,0
540901,0
229297,0
308504,0
295964,0
10567,0
9035,0
523172,0
10184,0
9086,0
543540,0
436459,0
389868,0
287590,0
39101,0
9276,0
299,0
306947,0
290859,0
84355,0
22620,0
20943,0
18898,0
302,0
644092,0
594718,0
446791,0
172385,0
14052,0
12242,0
435,0
152,0
593910,0
331583,0
102382,0
12437,0
531438,0
225728,0
15301,0
11808,0
669664,0
466081,0
401469,0
116711,0
37910,0
10361,0
9843,0
639798,0
5718,0
991,0
429733,0
210947,0
474051,0
184098,0
17710,0
13205,0
11614,0
11521,0
6283,0
515818,0
375012,0
699,0
515333,0
391710,0
23963,0
848,0
575774,0
396398,0
334878,0
50620,0
11348,0
630240,0
335051,0
119569,0
15567,0
10449,0
9681,0
9437,0
74,0
738646,0
37269,0
17496,0
10957,0
10575,0
16617,0
2107,0
566454,0
441282,0
400157,0
361777,0
10660,0
253,0
199575,0
51991,0
16523,0
13053,0
8346,0
5125,0
42892,0
8012,0
457335,0
431072,0
18032,0
12085,0
10859,0
9870,0
617708,0
611207,0
280996,0
252838,0
243684,0
73723,0
33408,0
24548,0
4241,0
920081,0
19268,0
15373,0
14254,0
1551,0
295693,0
115290,0
47760,0
41602,0
3537,0
273477,0
11827,0
425001,0
12222,0
10466,0
9522,0
708,0
606625,0
157849,0
75674,0
13022,0
613096,0
33365,0
10210,0
9535,0
5336,0
810873,0
396940,0
172386,0
72387,0
14684,0
10684,0
521127,0
433502,0
109428,0
22972,0
9779,0
452,0
694254,0
420634,0
266082,0
29437,0
9350,0
403605,0
145197,0
10326,0
708336,0
429417,0
10249,0
4244,0
11498,0
8868,0
2069,0
96,0
609972,0
406759,0
159121,0
27586,0
541524,0
536115,-1
27582,0
14462,0
10741,0
10631,0
10527,0
8279,0
1907,0
531219,0
526896,0
441183,0
339397,0
62156,0
10898,0
10894,0
9691,0
9032,0
11846,0
10021,0
2617,0
664,0
547539,0
427641,0
261023,0
184314,0
15602,0
12182,0
11333,0
7873,0
315,0
303858,0
157547,0
45243,0
9772,0
644090,0
19344,0
12689,0
9873,0
4141,0
584,0
667739,0
535167,0
453755,0
300667,0
1281,0
193893,0
33689,0
20857,0
11676,0
10991,0
9404,0
7442,0
374617,0
333385,0
324852,0
109451,0
28032,0
8217,0
4233,0
329263,0
36593,0
411741,0
399360,0
253450,0
70006,0
628914,0
74387,0
11584,0
623491,0
154441,0
48466,0
10348,0
3536,0
622,0
460793,0
286554,0
95610,0
11564,0
10818,0
5683,0
625568,0
278247,0
36834,0
26285,0
12535,0
582913,0
409421,0
376866,0
10337,0
8665,0
531454,0
521029,0
292431,0
157827,0
48186,0
12308,0
1406,0
606117,0
117251,0
13161,0
8952,0
20048,0
200,0
181812,0
16899,0
9315,0
8208,0
627463,0
324670,0
59678,0
18405,0
13193,0
11559,0
10576,0
625450,0
125521,0
59961,0
11596,0
9422,0
6947,0
2046,0
156711,0
84306,0
82654,0
54318,0
13483,0
10140,0
4421,0
231,0
21610,0
13655,0
682,0
454992,0
346685,0
317144,0
13680,0
13027,0
10159,0
418333,0
228202,0
45156,0
20526,0
16690,0
467824,0
72784,0
72197,0
11001,0
10247,0
8491,0
2207,0
580532,0
49527,0
10761,0
10540,0
408033,0
79218,0
16187,0
10471,0
7300,0
152795,0
85870,0
301804,0
240832,0
15139,0
3594,0
576004,0
403509,0
328589,0
297608,0
266285,0
193610,0
8987,0
621151,0
561362,0
381890,0
123553,0
20497,0
10671,0
763149,0
84184,0
20481,0
11229,0
544431,0
395992,0
18585,0
768520,0
567748,0
433501,0
387893,0
13275,0
11215,0
10246,0
5653,0
689723,0
467938,0
294795,0
173847,0
11503,0
503616,0
41592,0
39102,0
14429,0
9618,0
5174,0
774741,0
309304,0
9928,0
8922,0
320588,0
200713,0
14055,0
14001,0
13250,0
10278,0
3980,0
583268,0
525041,0
429203,0
316727,0
11894,0
587996,0
528491,0
58232,0
16353,0
1988,0
417859,0
71688,0
11395,0
1283,0
171,0
775996,0
238615,0
12710,0
10057,0
3981,0
293970,0
76122,0
61891,0
13703,0
601844,0
16441,0
11326,0
2655,0
460668,0
250225,0
241554,0
429189,0
175291,0
137093,0
48650,0
39100,0
11529,0
11120,0
10766,0
10017,0
9077,0
2133,0
425972,0
334298,0
36668,0
670203,0
121674,0
81025,0
60420,0
10677,0
8584,0
567965,0
302699,0
242088,0
44147,0
11172,0
3036,0
928,0
811,0
268238,0
267863,0
10699,0
10330,0
500852,0
343674,0
244268,0
30943,0
18086,0
11444,0
253835,0
157360,0
9615,0
419835,0
397722,0
59859,0
23210,0
12117,0
9792,0
1989,0
10295,0
4488,0
521034,0
11427,0
6557,0
522406,0
298729,0
1713,0
397,0
16723,0
11359,0
10750,0
10529,0
2453,0
377985,0
62046,0
411999,0
341013,0
14442,0
574060,0
50780,0
27813,0
11128,0
513574,0
435615,0
12600,0
11845,0
2075,0
681,0
214,0
574982,0
396461,0
286987,0
43549,0
24869,0
20662,0
11047,0
10715,0
9964,0
2294,0
540,0
356298,0
44269,0
34769,0
211672,0
13374,0
9679,0
352186,0
340611,0
76170,0
41446,0
19955,0
13249,0
9556,0
6687,0
1968,0
599975,0
34544,0
290751,0
72105,0
27346,0
9788,0
86555,0
81342,0
18269,0
17707,0
11068,0
10491,0
333484,0
209403,0
6279,0
75,0
763148,0
49017,0
16229,0
9593,0
401478,0
250574,0
77561,0
19277,0
11114,0
6795,0
2275,0
11081,0
602545,0
294652,0
138038,0
121606,0
9992,0
8388,0
516329,0
477033,0
433150,0
118293,0
16614,0
8224,0
526019,0
352157,0
314095,0
15653,0
14353,0
13417,0
10105,0
527660,0
449985,0
300668,0
15449,0
8289,0
294272,0
27576,0
9671,0
7461,0
9759,0
8054,0
6691,0
24341,0
20726,0
515248,0
13150,0
559,0
84188,0
78854,0
15357,0
13333,0
9414,0
5551,0
4513,0
592336,0
392142,0
34016,0
314405,0
14114,0
16296,0
11342,0
9777,0
9425,0
760926,0
285423,0
263281,0
262500,0
115210,0
104859,0
10074,0
455656,0
117263,0
10592,0
9064,0
269148,0
74018,0
21057,0
16871,0
6951,0
649409,0
539649,0
415842,0
11096,0
9785,0
6488,0
11905,0
10847,0
9715,0
415401,0
112205,0
77949,0
45202,0
13373,0
10851,0
10056,0
11008,0
9317,0
672582,0
309924,0
32613,0
4380,0
408540,0
332567,0
8197,0
8077,0
1577,0
339527,0
82525,0
75761,0
24655,0
1378,0
356305,0
315880,0
10047,0
9718,0
338970,0
15947,0
13567,0
11530,0
189,0
478820,0
462919,0
325348,0
66195,0
2642,0
674944,0
11002,0
6957,0
95608,0
6440,0
617,0
604822,0
295699,0
253279,0
136797,0
9975,0
1619,0
608,0
453405,0
41733,0
38357,0
30923,0
1049,0
602269,0
407439,0
11954,0
57800,0
12435,0
11034,0
1247,0
68735,0
34588,0
10543,0
28761,0
9526,0
9104,0
2026,0
57695,0
13641,0
11460,0
9501,0
512196,0
320028,0
9294,0
430231,0
11852,0
9968,0
587693,0
8986,0
1647,0
447200,0
369781,0
207768,0
86812,0
9584,0
8216,0
376134,0
438808,0
293646,0
39414,0
27429,0
10380,0
7095,0
431530,0
48231,0
16248,0
10770,0
515911,0
82682,0
77866,0
38365,0
449755,0
222461,0
203739,0
46929,0
23631,0
597433,0
264729,0
11913,0
8960,0
507441,0
458344,0
179538,0
571384,0
331836,0
660982,0
509967,0
468219,0
438348,0
9902,0
9490,0
396493,0
300168,0
82675,0
63197,0
15596,0
9440,0
505058,0
202575,0
11680,0
9472,0
8689,0
600184,0
271736,0
44244,0
39385,0
14191,0
345911,0
38117,0
11653,0
11560,0
25472,0
15239,0
10611,0
10410,0
117974,0
11088,0
9686,0
2119,0
1734,0
1268,0
714,0
438590,0
432613,0
11060,0
9605,0
4728,0
602147,0
592480,0
590995,0
399035,0
381034,0
26170,0
2043,0
323373,0
18487,0
823625,0
184341,0
8512,0
1880,0
709,0
145220,0
11232,0
4351,0
505379,0
38093,0
2667,0
283227,0
12912,0
7131,0
31867,0
11625,0
489939,0
45272,0
13679,0
10029,0
4247,0
413730,0
39957,0
9666,0
8839,0
1687,0
169917,0
16325,0
13154,0
4917,0
26390,0
10314,0
10192,0
9273,0
557336,0
284276,0
48395,0
38303,0
12403,0
9408,0
1649,0
511987,0
339967,0
257445,0
652483,0
325346,0
58235,0
15616,0
9353,0
1825,0
739990,0
374052,0
152599,0
41283,0
10534,0
655082,0
413362,0
11821,0
10764,0
2661,0
700,0
515741,0
443791,0
340837,0
199534,0
73873,0
9335,0
413052,0
326423,0
76163,0
21778,0
15158,0
12146,0
13990,0
12309,0
9043,0
179,0
503736,0
38448,0
24929,0
9494,0
6637,0
741067,0
324668,0
137116,0
49526,0
10836,0
4478,0
2309,0
1689,0
437557,0
354216,0
9945,0
70436,0
13637,0
8851,0
2171,0
405775,0
10612,0
60599,0
15037,0
2267,0
627290,0
525554,0
478860,0
298312,0
24920,0
16577,0
4824,0
760868,0
157845,0
11358,0
10168,0
1845,0
654905,0
446101,0
12611,0
518452,0
420648,0
419499,0
399248,0
173185,0
145135,0
8999,0
455,0
750253,0
11495,0
4520,0
399361,0
72710,0
18736,0
13523,0
12201,0
11671,0
8966,0
5289,0
186992,0
52520,0
44706,0
41630,0
149509,0
11465,0
8007,0
753453,0
451500,0
288036,0
199373,0
17281,0
13225,0
10428,0
4614,0
549294,0
83186,0
79643,0
44268,0
10447,0
384371,0
280092,0
25983,0
7220,0
439998,0
296099,0
11891,0
9515,0
7737,0
2019,0
87440,0
87421,0
14976,0
3040,0
1428,0
290595,0
44754,0
24124,0
15997,0
326215,0
43200,0
2116,0
643532,0
606876,0
582570,0
245706,0
63710,0
10028,0
477489,0
102780,0
19901,0
13394,0
11976,0
11598,0
10413,0
201,0
11007,0
860623,0
305470,0
255343,0
139651,0
40205,0
22824,0
18519,0
13600,0
11449,0
10743,0
9882,0
4953,0
291351,0
10358,0
8843,0
1599,0
82650,0
28355,0
11212,0
10651,0
10431,0
7512,0
467660,0
73588,0
7553,0
5072,0
2990,0
515841,0
49021,0
9962,0
810,0
339994,0
16996,0
8386,0
449574,0
371560,0
214756,0
49022,0
13335,0
9963,0
9801,0
571473,0
155084,0
133694,0
9688,0
71552,0
35019,0
27374,0
22582,0
18410,0
12721,0
142320,0
71677,0
34813,0
27581,0
11352,0
137321,0
116741,0
21705,0
430155,0
3172,0
419680,0
8845,0
671043,0
483906,0
425980,0
425336,0
36643,0
26515,0
11238,0
9354,0
9349,0
9333,0
428399,0
333669,0
244458,0
329004,0
24924,0
9611,0
9477,0
638965,0
181283,0
158015,0
124905,0
513223,0
274167,0
22804,0
4507,0
279641,0
159117,0
134597,0
50698,0
11484,0
449562,0
37609,0
6282,0
334521,0
182415,0
67748,0
13968,0
11191,0
8856,0
595867,0
11890,0
2619,0
1362,0
692,0
174337,0
4180,0
586451,0
2080,0
513268,0
463272,0
49529,0
606234,0
502682,0
301355,0
29787,0
26389,0
13491,0
9543,0
817,0
747688,0
510388,0
328111,0
13757,0
11591,0
541305,0
174772,0
10426,0
592695,0
158852,0
56374,0
9872,0
19004,0
16288,0
10521,0
5172,0
267935,0
94562,0
58244,0
2320,0
459910,0
41210,0
11459,0
351454,0
303542,0
82696,0
25642,0
323675,0
245703,0
76812,0
507,0
674607,0
467952,0
25913,0
9339,0
8984,0
516850,0
514999,0
291276,0
30874,0
800510,0
196867,0
18892,0
585759,0
53174,0
21786,0
9486,0
16409,0
9991,0
9102,0
1248,0
841,0
463821,0
406563,0
18462,0
9805,0
4964,0
450001,0
14326,0
10483,0
509635,0
301272,0
246080,0
132232,0
43933,0
9770,0
17339,0
4787,0
296523,0
141043,0
11169,0
10951,0
694234,0
486101,0
259695,0
11619,0
188222,0
29427,0
22907,0
9896,0
5968,0
449563,0
26255,0
11354,0
9828,0
2284,0
467,0
624963,0
351809,0
268531,0
81857,0
27569,0
20106,0
10188,0
8838,0
457041,0
168530,0
14728,0
13515,0
1537,0
693,0
10735,0
9729,0
8965,0
169,0
298250,0
259694,0
370978,0
10479,0
9407,0
3604,0
270938,0
24021,0
13934,0
260346,0
34851,0
340102,0
25562,0
20421,0
89185,0
9885,0
9373,0
4911,0
146239,0
134374,0
79896,0
14844,0
10070,0
2185,0
330112,0
79548,0
17952,0
10303,0
652004,0
438259,0
109414,0
1588,0
409297,0
138103,0
56909,0
11384,0
545237,0
38167,0
12103,0
11069,0
490445,0
393717,0
33217,0
10657,0
10307,0
611213,0
433808,0
346687,0
11862,0
460885,0
217923,0
50479,0
18111,0
9922,0
9705,0
9024,0
664574,0
306943,0
109439,0
105965,0
10730,0
4379,0
2246,0
487680,0
78571,0
52015,0
10739,0
441701,0
32657,0
1724,0
114750,0
20235,0
473149,0
428045,0
345940,0
254128,0
58233,0
31582,0
2058,0
1685,0
461130,0
184346,0
47533,0
19457,0
15276,0
13927,0
11186,0
11164,0
10294,0
9369,0
2770,0
9378,0
507143,0
146721,0
58151,0
50619,0
27578,0
11896,0
11587,0
9986,0
549514,0
457435,0
209262,0
113148,0
49494,0
11824,0
641501,0
487297,0
437036,0
157825,0
12154,0
8273,0
282296,0
26320,0
9039,0
2662,0
80585,0
14207,0
9080,0
8656,0
2332,0
1634,0
571495,0
218778,0
153738,0
36419,0
11017,0
9355,0
615677,0
399796,0
52505,0
23759,0
10225,0
9358,0
721625,0
14373,0
2082,0
17466,0
11702,0
514619,0
264999,0
49040,0
659067,0
43930,0
11431,0
11025,0
10982,0
31359,0
88794,0
12707,0
767304,0
272548,0
181533,0
12262,0
466876,0
425505,0
195589,0
153518,0
23082,0
440918,0
84194,0
74725,0
24452,0
9620,0
9280,0
7459,0
426814,0
408648,0
367147,0
340481,0
221667,0
177221,0
60803,0
46523,0
4959,0
598133,0
11557,0
11041,0
9457,0
1492,0
485894,0
157829,0
87826,0
60935,0
12778,0
11418,0
11355,0
589761,0
60047,0
20694,0
9066,0
7552,0
2135,0
2086,0
411143,0
19164,0
9822,0
2114,0
157820,0
15512,0
12100,0
9460,0
531509,0
195544,0
70821,0
37710,0
9621,0
1844,0
391714,0
324807,0
228967,0
29095,0
11285,0
763788,0
738652,0
492353,0
347375,0
293768,0
227159,0
192132,0
22327,0
18781,0
338676,0
199928,0
59570,0
37834,0
36968,0
2085,0
593395,0
13926,0
13313,0
1809,0
333354,0
1727,0
589984,0
419831,0
11917,0
10498,0
10033,0
9598,0
831946,0
400106,0
309886,0
218784,0
24873,0
10425,0
8141,0
8090,0
454293,0
319341,0
18615,0
16084,0
460846,0
429351,0
14208,0
8818,0
2577,0
382593,0
278774,0
77950,0
41479,0
14008,0
11683,0
582596,0
355547,0
136418,0
87496,0
46529,0
12145,0
9061,0
643586,0
14709,0
10207,0
14170,0
11931,0
11234,0
537847,0
178915,0
82532,0
24099,0
14177,0
530382,0
9285,0
516700,0
433356,0
38543,0
9398,0
452015,0
428078,0
209247,0
152748,0
10589,0
1956,0
593402,0
158990,0
13973,0
5689,0
11353,0
9694,0
15417,0
14240,0
13969,0
13532,0
11665,0
532671,0
284296,0
93837,0
7342,0
583029,0
575417,0
457262,0
85872,0
61717,0
34806,0
13474,0
9889,0
9804,0
9604,0
9545,0
663,0
182127,0
157851,0
10945,0
9293,0
707,0
387592,0
242022,0
59968,0
14819,0
10606,0
17494,0
11823,0
10407,0
75638,0
9573,0
8978,0
516632,0
341006,0
227300,0
55846,0
9619,0
4722,0
369300,0
218836,0
64686,0
28794,0
14061,0
11137,0
1852,0
267860,0
225565,0
38356,0
22728,0
13811,0
7942,0
668195,0
16873,0
127867,0
80271,0
7007,0
2637,0
399790,0
20187,0
14444,0
13190,0
11123,0
6278,0
698,0
611605,0
77930,0
10170,0
8592,0
296065,0
69798,0
59962,0
19165,0
13570,0
10632,0
5971,0
178,0
509585,0
500922,0
464737,0
438396,0
76493,0
8675,0
390061,0
283601,0
35552,0
31578,0
7484,0
506072,0
421658,0
51588,0
12593,0
9899,0
8373,0
749274,0
339792,0
42442,0
23629,0
20701,0
9725,0
1370,0
826749,0
98567,0
6038,0
1613,0
141052,0
109443,0
85373,0
51191,0
17182,0
13673,0
8916,0
6076,0
4997,0
565028,0
152792,0
69668,0
13387,0
11892,0
10562,0
8247,0
461928,0
173897,0
111190,0
1688,0
808023,0
45658,0
12412,0
10972,0
9641,0
4477,0
70577,0
13455,0
11707,0
10468,0
9836,0
451955,0
296360,0
574861,0
16342,0
706510,0
613080,0
451184,0
10013,0
4965,0
198287,0
77944,0
58431,0
302156,0
286565,0
121936,0
102362,0
11286,0
296,0
21845,0
9085,0
597890,0
425148,0
301875,0
9506,0
864873,0
460458,0
115782,0
72545,0
23830,0
11323,0
10796,0
10665,0
9101,0
287903,0
15969,0
14013,0
11860,0
258284,0
12253,0
6963,0
347126,0
333667,0
290999,0
13492,0
8078,0
5516,0
381518,0
318922,0
209355,0
91550,0
8988,0
8688,0
693113,0
326285,0
253235,0
84204,0
18360,0
11699,0
10068,0
4599,0
708577,0
492355,0
417644,0
59457,0
37786,0
15413,0
13499,0
9642,0
137094,0
51447,0
38327,0
2269,0
81390,0
27274,0
23049,0
526007,0
474764,0
299847,0
244264,0
97370,0
17927,0
13825,0
1656,0
602734,0
268896,0
183836,0
522016,0
74726,0
65086,0
49520,0
531309,0
395990,0
339846,0
335796,0
133790,0
10065,0
8324,0
11415,0
9730,0
955,0
331,0
471014,0
427900,0
455839,0
408439,0
84348,0
14362,0
13220,0
869617,0
283378,0
126277,0
65759,0
40342,0
13243,0
524247,0
519253,0
335778,0
157834,0
1273,0
489243,0
419479,0
10202,0
9395,0
295151,0
54004,0
13975,0
10869,0
10523,0
12180,0
11419,0
9541,0
1249,0
398920,0
375355,0
208134,0
197796,0
8873,0
618,0
661804,0
419511,0
258363,0
38289,0
10641,0
9955,0
2575,0
446807,0
432301,0
262504,0
72358,0
12526,0
7288,0
60672,0
10929,0
317744,0
190955,0
14128,0
496743,0
254904,0
21752,0
11228,0
6341,0
434203,0
410199,0
53182,0
41664,0
11983,0
10720,0
437670,0
424121,0
331313,0
109418,0
77951,0
611914,0
369894,0
10832,0
787298,0
442062,0
419704,0
143049,0
12157,0
9610,0
404733,0
140222,0
43939,0
11858,0
10025,0
274855,0
170354,0
48171,0
21788,0
14059,0
11357,0
10781,0
399031,0
296100,0
81393,0
15577,0
10396,0
438347,0
59981,0
27621,0
5852,0
800497,0
680028,0
8884,0
569814,0
301334,0
33909,0
6552,0
595148,0
578908,0
454294,0
10395,0
2768,0
426543,0
262841,0
50204,0
8409,0
400547,0
272435,0
27022,0
25769,0
10908,0
10411,0
10185,0
19959,0
9455,0
316023,0
219572,0
57201,0
29425,0
21972,0
12590,0
11351,0
9546,0
9257,0
7303,0
532710,0
279690,0
261392,0
192102,0
81446,0
59429,0
15657,0
2665,0
13944,0
10208,0
701175,0
567970,0
63493,0
37861,0
20850,0
10516,0
10153,0
486070,0
11966,0
10623,0
1698,0
30127,0
10345,0
1644,0
79433,0
24913,0
24102,0
2057,0
1620,0
531503,0
500634,0
308453,0
17337,0
2212,0
183,0
523936,0
270919,0
21349,0
15648,0
519106,0
184345,0
65599,0
12088,0
9103,0
8067,0
13490,0
13282,0
13168,0
12538,0
10442,0
8130,0
345922,0
127521,0
9415,0
4967,0
1497,0
520663,0
263341,0
10003,0
35056,0
9029,0
951,0
291356,0
11082,0
9286,0
300681,0
14043,0
11379,0
383709,0
336004,0
55779,0
38073,0
467248,0
342521,0
335988,0
520331,0
341689,0
4970,0
328595,0
27526,0
44977,0
35791,0
415132,0
15189,0
10128,0
278154,0
9910,0
680593,0
509730,0
395814,0
300153,0
14871,0
14636,0
670428,0
366514,0
126889,0
59108,0
46503,0
13595,0
10663,0
9298,0
4806,0
54113,0
9416,0
6520,0
134411,0
77805,0
64807,0
10022,0
228165,0
10489,0
6217,0
294793,0
11979,0
417643,0
290764,0
253687,0
56339,0
36670,0
2791,0
539181,0
232572,0
44040,0
39345,0
427989,0
249660,0
39210,0
13079,0
11857,0
315837,0
50321,0
462148,0
14424,0
410314,0
48572,0
9637,0
335866,0
295832,0
254194,0
785752,0
88751,0
58626,0
9594,0
8284,0
283726,0
13910,0
8989,0
44603,0
4482,0
152760,0
41505,0
11024,0
630586,0
608195,0
605735,0
9948,0
849,0
527261,0
146229,0
76494,0
13252,0
13186,0
12834,0
12122,0
7520,0
2268,0
351964,0
207932,0
76544,0
12220,0
10533,0
10353,0
9208,0
6623,0
4283,0
548473,0
509874,0
216282,0
162903,0
52587,0
13477,0
11588,0
10137,0
8973,0
1410,0
60405,0
26691,0
13203,0
11099,0
10424,0
6346,0
228968,0
172391,0
363126,0
9397,0
1738,0
354110,0
9997,0
4961,0
602518,0
201086,0
106021,0
13937,0
10724,0
6917,0
785516,0
309242,0
272692,0
103620,0
10544,0
353069,0
258509,0
534,0
166271,0
10765,0
10555,0
292040,0
209249,0
116811,0
34583,0
13683,0
487083,0
76285,0
31203,0
10186,0
10157,0
8866,0
3563,0
718400,0
542224,0
502292,0
13997,0
4515,0
62213,0
49013,0
458305,0
205588,0
64689,0
37770,0
10478,0
352492,0
10199,0
555974,0
406761,0
9266,0
6466,0
1969,0
928381,0
320288,0
508018,0
44894,0
32293,0
11133,0
10833,0
1252,0
215211,0
23048,0
10640,0
133805,0
458005,0
333348,0
73108,0
66129,0
18239,0
7511,0
617505,0
429415,0
133931,0
1636,0
663866,0
333381,0
157353,0
15092,0
14400,0
13888,0
13700,0
11915,0
60304,0
11678,0
10349,0
457955,0
9874,0
28302,0
22172,0
11675,0
588001,0
34729,0
28211,0
12110,0
487702,0
311667,0
289727,0
37652,0
13006,0
9096,0
11847,0
614427,0
602609,0
496704,0
346709,0
312791,0
25968,0
475928,0
222899,0
11052,0
1884,0
220286,0
188161,0
55465,0
18890,0
5559,0
344041,0
80038,0
58013,0
9005,0
6068,0
531306,0
355506,0
242095,0
43211,0
2539,0
2370,0
460019,0
455236,0
41439,0
10922,0
483202,0
77883,0
35626,0
14451,0
4256,0
2067,0
518158,0
517909,0
18147,0
8975,0
121734,0
13654,0
308531,0
11077,0
479455,0
443319,0
347984,0
50725,0
23827,0
11777,0
785985,0
442249,0
121824,0
25602,0
19384,0
9946,0
6935,0
168055,0
119283,0
86597,0
840882,0
243442,0
168138,0
11452,0
551238,0
293767,0
109491,0
97051,0
10990,0
9989,0
918,0
818,0
533642,0
257091,0
76640,0
10433,0
9893,0
8850,0
615658,0
503619,0
38780,0
6472,0
740925,0
247218,0
10547,0
5820,0
157099,0
14628,0
9449,0
9279,0
9268,0
423949,0
74944,0
11595,0
446131,0
413857,0
266647,0
157351,0
501979,0
290555,0
244610,0
49730,0
37821,0
20606,0
9493,0
353569,0
311324,0
183662,0
158907,0
66118,0
22821,0
13092,0
454699,0
431075,0
23488,0
11479,0
8831,0
334527,0
253626,0
48340,0
4858,0
502074,0
9569,0
9466,0
1901,0
354251,0
286521,0
174323,0
138697,0
25523,0
501395,0
74945,0
64635,0
9564,0
175116,0
5966,0
584962,0
269795,0
215830,0
136835,0
605804,0
172533,0
13159,0
2029,0
1642,0
308024,0
266294,0
85041,0
58595,0
11428,0
10680,0
10379,0
414190,0
203665,0
11866,0
10313,0
10127,0
217,0
41215,0
12658,0
9923,0
7091,0
30974,0
497814,0
14248,0
11932,0
10714,0
479,0
346681,0
43209,0
14817,0
8069,0
586592,0
13460,0
9756,0
10173,0
36669,0
30618,0
14372,0
9815,0
32823,0
15516,0
11374,0
9406,0
49953,0
24795,0
10351,0
590869,0
11775,0
9644,0
9582,0
492565,0
261375,0
52067,0
11015,0
10678,0
491473,0
257440,0
199661,0
73937,0
8698,0
5549,0
1722,0
362637,0
340442,0
328720,0
11638,0
1961,0
206296,0
47971,0
10145,0
4234,0
126250,0
45649,0
25239,0
12540,0
10900,0
412546,0
12994,0
9092,0
174675,0
130267,0
19286,0
9988,0
9895,0
539537,0
421473,0
9073,0
8452,0
274854,0
21427,0
8914,0
426238,0
146223,0
10023,0
1257,0
335777,0
187596,0
48946,0
32985,0
514593,0
112200,0
48838,0
39386,0
579,0
452507,0
356842,0
10571,0
9894,0
471507,0
422715,0
382598,0
302688,0
146198,0
87516,0
44363,0
3597,0
318,0
110552,0
12556,0
12245,0
11199,0
10480,0
2018,0
1483,0
390584,0
10748,0
9745,0
10538,0
209112,0
14979,0
321258,0
24831,0
13389,0
9275,0
301348,0
299687,0
97614,0
2103,0
24056,0
563907,0
298459,0
34480,0
432618,0
19724,0
16222,0
12500,0
2687,0
27579,0
13279,0
10280,0
333674,0
270302,0
25132,0
429460,0
9095,0
2749,0
1690,0
448194,0
319340,0
267193,0
25643,0
2313,0
547388,0
396806,0
101173,0
37958,0
505707,0
252512,0
703745,0
337154,0
114478,0
9566,0
7515,0
2084,0
470114,0
375588,0
52338,0
38031,0
11309,0
306952,0
278924,0
13555,0
527400,0
231001,0
567971,0
340945,0
82,0
437626,0
340382,0
297761,0
208763,0
37905,0
9091,0
416234,0
28468,0
8780,0
640923,0
520946,0
284289,0
273641,0
10204,0
9383,0
13998,0
324542,0
238603,0
81796,0
51994,0
340676,0
72571,0
49010,0
19840,0
11662,0
10402,0
9348,0
62764,0
41171,0
39227,0
13078,0
11317,0
228066,0
20414,0
14873,0
13059,0
12890,0
87101,0
45535,0
13018,0
147868,0
24402,0
10093,0
340487,0
58224,0
11078,0
59861,0
18476,0
10495,0
8555,0
8398,0
495766,0
192145,0
98357,0
69778,0
457962,0
254473,0
87567,0
50845,0
16061,0
10066,0
7501,0
522417,0
414001,0
378018,0
88042,0
84336,0
39285,0
10488,0
7451,0
445954,0
38541,0
9678,0
9645,0
270487,0
11157,0
10136,0
586764,0
216015,0
10740,0
245906,0
1966,0
768334,0
423453,0
305932,0
182560,0
32856,0
492611,0
125490,0
12589,0
9453,0
9296,0
257088,0
146381,0
98566,0
84200,0
74777,0
291870,0
256474,0
45324,0
43646,0
11674,0
10985,0
68728,0
74998,0
11648,0
91314,0
84105,0
53399,0
1970,0
570132,0
295830,0
157843,0
38970,0
10708,0
9982,0
2176,0
343611,0
34494,0
14138,0
6073,0
649087,0
241843,0
17134,0
643550,0
9597,0
793723,0
9530,0
595743,0
20329,0
13341,0
499726,0
310133,0
59965,0
57331,0
399019,0
258489,0
39053,0
11152,0
284537,0
27583,0
23514,0
14648,0
6723,0
284536,0
99579,0
33518,0
17336,0
7548,0
419522,0
34069,0
10030,0
9458,0
559581,0
79697,0
439152,0
382517,0
62838,0
395,0
464504,0
9448,0
383785,0
363869,0
277547,0
800937,0
440708,0
16113,0
11519,0
10733,0
340022,0
152259,0
36691,0
17169,0
291264,0
11187,0
1995,0
476764,0
460648,0
93828,0
13668,0
9941,0
369780,0
315319,0
16406,0
10061,0
9431,0
151960,0
17127,0
671039,0
570260,0
10317,0
9072,0
9021,0
306,0
513409,0
661791,0
175574,0
70706,0
11306,0
235271,0
10599,0
36648,0
14140,0
12572,0
11011,0
460790,0
167032,0
16558,0
13067,0
334538,0
77987,0
18823,0
15019,0
505436,0
123109,0
395458,0
260001,0
11908,0
9825,0
2310,0
323676,0
287084,0
32593,0
14906,0
456165,0
184125,0
12596,0
9957,0
489064,0
451646,0
133698,0
38961,0
18502,0
11968,0
169219,0
240916,0
28597,0
23172,0
11870,0
9973,0
679989,0
244761,0
52077,0
12819,0
9417,0
521935,0
45772,0
10357,0
395763,0
11258,0
439079,0
64639,0
451877,0
2610,0
56906,0
21301,0
20829,0
437425,0
419372,0
14035,0
5137,0
359412,0
58547,0
12096,0
7364,0
780154,0
27573,0
19994,0
12764,0
4923,0
340402,0
60281,0
20,0
86331,0
6439,0
758879,0
415010,0
97020,0
11851,0
2636,0
418437,0
283445,0
3682,0
503,0
517412,0
514266,0
423087,0
109431,0
86828,0
72207,0
270010,0
353979,0
9728,0
469916,0
150202,0
16866,0
7090,0
354861,0
192134,0
437311,0
19904,0
418078,0
211067,0
147441,0
10131,0
1691,0
255157,0
10406,0
99367,0
19592,0
10596,0
4327,0
17,0
238215,0
46221,0
13690,0
10069,0
9570,0
460321,0
325133,0
342878,0
320316,0
37414,0
27414,0
14223,0
7978,0
3512,0
661930,0
429202,0
89492,0
52286,0
45657,0
10014,0
214030,0
156717,0
737568,0
346672,0
9767,0
275601,0
61630,0
748853,0
445605,0
335791,0
38262,0
12569,0
11517,0
520725,0
13836,0
12138,0
2099,0
347754,0
19042,0
2022,0
249070,0
9600,0
50022,0
382518,0
256569,0
52451,0
18457,0
431185,0
325848,0
107811,0
9907,0
602654,0
190469,0
157823,0
15213,0
502416,0
433627,0
311539,0
1596,0
250349,0
71679,0
14161,0
6477,0
393345,0
40720,0
12193,0
11074,0
614911,0
41665,0
26953,0
9396,0
40817,0
12277,0
53985,0
38310,0
615469,0
413992,0
331190,0
262543,0
57114,0
9981,0
77931,0
565413,0
82505,0
11806,0
10905,0
9754,0
9099,0
334394,0
10768,0
9312,0
192149,0
77953,0
22894,0
348060,0
167810,0
50037,0
14536,0
451504,0
51620,0
291328,0
12139,0
11630,0
2144,0
739413,0
244783,0
73499,0
12517,0
628917,0
485942,0
60049,0
37707,0
13962,0
9384,0
718840,0
9932,0
13536,0
4942,0
368940,0
339396,0
81005,0
44833,0
13505,0
490448,0
377275,0
271718,0
182,0
403119,0
206192,0
6641,0
382597,0
16314,0
829557,0
694919,0
675327,0
42949,0
550385,0
234004,0
144789,0
1717,0
1408,0
34803,0
4442,0
228973,0
36727,0
9738,0
377264,0
248574,0
174751,0
85038,0
17630,0
13812,0
54540,0
35025,0
4248,0
659986,0
215379,0
56014,0
49524,0
15713,0
11632,0
9511,0
9030,0
376865,0
81836,0
18176,0
17037,0
11397,0
10054,0
13056,0
621707,0
139038,0
94380,0
89455,0
487004,0
461992,0
8849,0
500916,0
72477,0
45650,0
44933,0
10854,0
9491,0
332704,0
7183,0
224141,0
207769,0
10035,0
6877,0
5375,0
16000,0
11456,0
85435,0
53172,0
41513,0
13207,0
9824,0
714375,0
631060,0
17335,0
14869,0
461053,0
9482,0
772272,0
539885,0
486078,0
479040,0
50671,0
11856,0
9304,0
8457,0
390051,0
44982,0
3603,0
15159,0
9070,0
2928,0
172,0
228177,0
24418,0
16235,0
258193,0
11565,0
6948,0
463053,0
87428,0
273169,0
255456,0
57157,0
38321,0
13498,0
322240,0
12120,0
12118,0
10829,0
4641,0
455108,0
408266,0
10799,0
397442,0
156547,0
15379,0
130987,0
129139,0
14123,0
2124,0
184315,0
20068,0
363757,0
157433,0
14289,0
10805,0
1996,0
334536,0
59115,0
41436,0
276902,0
159128,0
95516,0
28941,0
3587,0
445583,0
310137,0
11478,0
3489,0
10320,0
10053,0
12090,0
10040,0
8867,0
266396,0
53010,0
52214,0
10996,0
9927,0
9341,0
302150,0
116613,0
39106,0
38313,0
9562,0
6058,0
227783,0
26263,0
18172,0
11718,0
10862,0
10092,0
411873,0
333663,0
25137,0
19064,0
9886,0
276488,0
10172,0
9074,0
1375,0
16164,0
11067,0
531499,0
343934,0
50359,0
11472,0
8836,0
253161,0
213681,0
76489,0
26505,0
534939,0
355008,0
306964,0
115348,0
265010,0
619979,0
433251,0
209189,0
60203,0
17941,0
15590,0
433630,0
336011,0
259963,0
252164,0
250546,0
410554,0
56903,0
13652,0
9980,0
9884,0
582186,0
304372,0
412988,0
1441,0
869,0
46261,0
438650,0
223702,0
492621,0
464595,0
446170,0
366668,0
44943,0
18896,0
11398,0
9906,0
74461,0
13742,0
1705,0
62206,0
15681,0
11141,0
71672,0
8869,0
1450,0
257344,0
1452,0
486103,0
137145,0
94363,0
68179,0
10694,0
9809,0
23410,0
9669,0
230222,0
13476,0
347945,0
312669,0
55301,0
23367,0
271969,0
11467,0
560204,0
480414,0
101519,0
18501,0
2959,0
523931,0
397422,0
54445,0
11056,0
346808,0
299551,0
16643,0
57165,0
14211,0
2122,0
430040,0
34636,0
9683,0
41668,0
16985,0
280002,0
49014,0
111440,0
480105,0
400710,0
9966,0
4597,0
9038,0
136911,0
8860,0
357096,0
10823,0
8676,0
8870,0
7341,0
231474,0
49787,0
10771,0
2334,0
440762,0
167575,0
3050,0
383869,0
4823,0
560192,0
469876,0
19698,0
5,0
323368,0
24271,0
10679,0
28665,0
3513,0
15671,0
604563,0
514277,0
489929,0
380124,0
72331,0
9890,0
459202,0
454615,0
320302,0
36298,0
416051,0
109513,0
84165,0
13596,0
11547,0
1683,0
389053,-1
353491,0
342474,0
336890,0
139567,0
114606,0
46837,0
18298,0
438,0
24001,0
9424,0
310126,0
5552,0
413998,0
70435,0
11888,0
11649,0
1534,0
11569,0
286567,0
152790,0
268920,0
10661,0
252680,0
475430,0
123105,0
23730,0
9292,0
624808,0
340584,0
254302,0
112454,0
13713,0
12123,0
2210,0
823461,0
174321,0
60747,0
9877,0
615678,0
15566,0
9568,0
641790,0
321494,0
271185,0
270774,0
10154,0
171424,0
11451,0
12620,0
335788,0
36599,0
16889,0
237756,0
336455,0
72890,0
5146,0
485504,0
219318,0
193687,0
28510,0
301372,0
9413,0
2565,0
484437,0
288171,0
146238,0
85735,0
658777,0
412105,0
86834,0
9034,0
429476,0
23398,0
5956,0
560144,0
198210,0
118957,0
41517,0
4954,0
118289,0
385360,0
51170,0
20856,0
312831,0
253344,0
48988,0
1950,0
481042,0
38358,0
10723,0
582607,0
9327,0
8920,0
39451,0
16337,0
414191,0
384682,0
12705,0
2155,0
27475,0
12192,0
6499,0
9676,0
9574,0
334074,0
77875,0
38778,0
6071,0
265208,0
9622,0
2800,0
559401,0
10327,0
300467,0
605286,0
449459,0
429471,0
10756,0
8319,0
345914,0
10366,0
346910,0
10169,0
13803,0
2087,0
244516,0
10563,0
346671,0
370567,0
205584,0
11066,0
10206,0
475220,0
83770,0
13561,0
164251,0
10375,0
10861,0
485811,0
10877,0
718444,0
68684,0
440597,0
373314,0
19912,0
41515,0
13564,0
13260,0
27,0
166822,0
10050,0
8277,0
369776,0
1665,0
692969,0
345918,0
15983,0
144336,0
23823,0
82679,0
542917,0
306523,0
384521,0
14361,0
9703,0
1819,0
449415,0
86835,0
929,0
394830,0
180296,0
11811,0
9849,0
575479,0
533992,0
8202,0
1979,0
467673,0
82390,0
22825,0
397415,0
174316,0
144340,0
587496,0
9586,0
9009,0
13191,0
9879,0
382511,0
124459,0
72559,0
49012,0
9488,0
371608,0
11377,0
9782,0
2900,0
457943,0
9757,0
653601,0
11804,0
11637,0
10603,0
9697,0
11523,0
11132,0
420950,0
10610,0
106747,0
82687,0
18480,0
10200,0
512025,0
314385,0
20483,0
13493,0
49849,0
466622,0
52449,0
9381,0
465086,0
401371,0
13025,0
12521,0
12662,0
10008,0
79178,0
10134,0
185341,0
379873,0
258086,0
146375,0
18009,0
10891,0
38322,0
613911,0
441384,0
124470,0
46441,0
12518,0
298722,0
23742,0
10197,0
57431,0
36355,0
354287,0
9447,0
241257,0
40805,0
10762,0
385332,0
291272,0
6171,0
42441,0
11045,0
7006,0
469721,0
11429,0
122857,0
9334,0
266639,0
73936,0
10956,0
10075,0
195269,0
89008,0
434555,0
378236,0
9794,0
806,0
2335,0
119698,0
8080,0
2698,0
332411,0
101179,0
100042,0
80035,0
9623,0
50135,0
43919,0
10727,0
434355,0
384798,0
339547,0
70074,0
195590,0
26688,0
10885,0
10163,0
523139,0
368031,0
54054,0
459928,0
399131,0
9904,0
419700,0
277685,0
134366,0
43931,0
14239,0
9022,0
13043,0
421792,0
782760,0
14098,0
13572,0
10438,0
1250,0
456740,0
79371,0
13160,0
615177,0
23437,0
9838,0
581644,0
10344,0
486520,0
458109,0
287948,0
86868,0
32390,0
419472,0
77234,0
70578,0
9513,0
7182,0
1927,0
50647,0
22787,0
73861,0
7233,0
300665,0
16300,0
444902,0
339988,0
79395,0
58444,0
12121,0
248507,0
75198,0
255798,0
19173,0
11962,0
19899,0
9776,0
150117,0
13401,0
1975,0
345067,0
210860,0
10802,0
253310,0
17350,0
8859,0
20737,0
10878,0
10546,0
602211,0
282035,0
76649,0
5851,0
4257,0
75622,0
9651,0
520720,0
115283,0
12499,0
83,0
364116,0
52124,0
488113,0
12171,0
10165,0
9954,0
362826,0
7227,0
23023,0
14435,0
9531,0
612152,0
77663,0
97430,0
6519,0
529784,0
339530,0
265016,0
9793,0
513083,0
313943,0
17047,0
9969,0
437,0
291413,0
50217,0
68737,0
9356,0
262338,0
19366,0
51925,0
613377,0
222936,0
19556,0
18885,0
10481,0
420245,0
10329,0
343173,0
47327,0
11817,0
277355,0
17413,0
9592,0
182219,0
10587,0
10342,0
8275,0
340103,0
22949,0
13761,0
2752,0
11812,0
456750,0
14175,0
9616,0
500904,0
244566,0
14365,0
413471,0
371865,0
39346,0
11425,0
43557,0
14913,0
12597,0
10012,0
8274,0
246403,0
230179,0
201088,0
54309,0
37931,0
12618,0
9271,0
61012,0
18162,0
9471,0
518880,0
341077,0
10988,0
10281,0
450179,0
301846,0
11607,0
348537,0
29564,0
1977,0
399173,0
1499,0
11237,0
11950,0
375327,0
252607,0
10824,0
254191,0
104755,0
63207,0
24801,0
9067,0
354282,0
76617,0
1735,0
19918,0
7839,0
9842,0
84174,0
8944,0
500919,0
16258,0
11037,0
442064,0
340677,0
11335,0
4551,0
323674,0
6933,0
9796,0
563741,0
429238,0
58428,0
9625,0
624060,0
452832,0
121856,0
16991,0
13767,0
38317,0
530081,0
535581,0
10923,0
811072,0
867,0
87368,0
19794,0
17918,0
253414,0
82990,0
453201,0
401905,0
203834,0
337874,0
11249,0
741998,0
15709,0
11618,0
157375,0
97434,0
14560,0
531949,0
80015,0
481762,0
447665,0
190847,0
76757,0
505063,0
23047,0
300803,0
96936,0
92182,0
286873,0
10658,0
10007,0
520360,0
330947,0
10984,0
372411,0
227348,0
9827,0
1641,0
49950,0
11982,0
10160,0
19824,0
646593,0
333386,0
6589,0
11568,0
7840,0
353686,0
11361,0
43593,0
3132,0
414,0
9456,0
8427,0
2274,0
43074,0
25678,0
516043,0
411144,0
276839,0
323020,0
239573,0
127493,0
24150,0
19585,0
534072,0
20825,0
11469,0
411626,0
401561,0
42194,0
203835,0
125509,0
290637,0
595985,0
454283,0
419504,0
326,0
373569,0
10642,0
465109,0
325844,0
284564,0
244316,0
225886,0
286538,0
560391,0
178809,0
9264,0
169209,0
14034,0
476926,0
411405,0
89673,0
10992,0
613368,0
34335,0
13702,0
347882,0
338964,0
12448,0
452068,0
287424,0
21583,0
14846,0
12767,0
9423,0
339404,0
10473,0
763164,0
241258,0
24438,0
20069,0
12208,0
10118,0
2157,0
463684,0
384500,0
11026,0
64586,0
13051,0
204349,0
14113,0
10336,0
329981,0
186759,0
259072,0
180948,0
193726,0
78383,0
80304,0
5203,0
457915,0
433244,0
73935,0
850018,0
592739,0
339103,-1
328429,0
43552,0
407531,0
288281,0
430528,0
3600,0
277368,0
226140,0
10048,0
226486,0
38319,0
11231,0
10064,0
395841,0
259018,0
10588,0
838484,0
13924,0
8645,0
252529,0
10804,0
9042,0
632931,0
12771,0
9278,0
9612,0
8487,0
424619,0
364067,0
44564,0
426285,0
392140,0
341392,0
531593,0
25018,0
317091,0
12700,0
10808,0
1792,0
888,0
17684,0
30178,0
11284,0
480042,0
13824,0
9711,0
263472,0
12657,0
9626,0
463906,0
463602,0
295011,0
47964,0
37430,0
17825,0
9731,0
71469,0
336445,0
9876,0
97795,0
10535,0
369202,0
408381,0
245846,0
417830,0
38579,0
301337,0
9446,0
611468,0
20616,0
582885,0
14405,0
139455,0
289153,0
242076,0
176068,0
23966,0
553141,0
109099,0
44113,0
426962,0
234212,0
10906,0
9841,0
9714,0
22084,0
157544,0
146301,0
8766,0
242310,0
13121,0
11260,0
100241,0
10845,0
475210,0
359790,0
505177,0
50838,0
10063,0
154512,0
210908,0
134375,0
280391,0
11375,0
9557,0
430365,0
298614,0
47933,0
580630,0
316154,0
50357,0
93856,0
9290,0
301728,0
42888,0
41413,0
243940,0
71254,0
10391,0
26123,0
362057,0
208277,0
11540,0
70868,0
109091,0
51481,0
17130,0
77948,0
12619,0
531735,0
37169,0
9713,0
9480,0
560362,0
18238,0
15028,0
443398,0
665828,0
288158,0
102207,0
11158,0
9053,0
86467,0
94348,0
11933,0
342281,0
282813,0
161545,0
10167,0
632727,0
351211,0
24478,0
9959,0
80280,0
11597,0
329010,0
42425,0
11310,0
122081,0
271404,0
169020,0
42446,0
384737,0
42432,0
13788,0
329440,0
13256,0
9978,0
82700,0
13613,0
10306,0
37534,0
11918,0
243938,0
372343,0
525460,0
619592,0
209244,0
11510,0
11217,0
10944,0
277558,0
18843,0
10472,0
9750,0
243688,0
33107,0
10477,0
13376,0
492336,0
39691,0
345915,0
84226,0
14695,0
11825,0
382589,0
38745,0
25853,0
2395,0
10628,0
13184,0
9920,0
44912,0
248390,0
9826,0
292280,0
24169,0
347969,0
293771,0
11453,0
10987,0
151368,0
10016,0
2020,0
13411,0
256961,0
242512,0
37498,0
528085,0
12702,0
440,0
724989,0
9360,0
522444,0
371307,0
23685,0
10646,0
10577,0
302349,0
6280,0
10461,0
10216,0
57089,0
10718,0
407451,0
354979,0
9405,0
27902,0
14174,0
11252,0
345923,0
14199,0
10676,0
9037,0
24476,0
320048,0
193612,0
123229,0
13741,0
9656,0
440471,0
71670,0
430354,0
8814,0
241875,0
42434,0
41669,0
14219,0
8998,0
123103,0
37632,0
205724,0
99770,0
31586,0
11895,0
242606,0
13972,0
4723,0
146227,0
12279,0
75736,0
42426,0
11090,0
206821,0
74536,0
505914,0
43554,0
15045,0
848278,0
43555,0
2486,0
301608,0
89691,0
4474,0
3093,0
586333,0
654974,0
681019,0
12158,0
8617,0
441614,0
9722,0
42437,0
17774,0
298583,0
157424,0
9682,0
429422,0
346651,0
133469,0
523638,0
802443,0
495673,0
429467,0
77000,0
12107,0
77941,0
87436,0
289720,0
8494,0
25704,0
9947,0
71676,0
277839,0
308529,0
11679,0
13257,0
385448,0
10032,0
185460,0
10292,0
293572,0
180305,0
17680,0
481375,0
323262,0
325358,0
10685,0
14564,0
10384,0
10283,0
9310,0
297160,0
590706,0
299245,0
14623,0
68637,0
70586,0
3177,0
2830,0
269173,0
331962,0
44918,0
42941,0
11859,0
42684,0
65055,0
42435,0
246320,0
14456,0
274626,0
14620,0
33624,0
5393,0
78381,0
327040,0
23706,0
17610,0
241254,0
480572,0
2182,0
10710,0
437739,0
8968,0
916740,0
12634,0
10067,0
35169,0
42436,0
41556,0
328901,0
85056,0
339116,0
55341,0
354556,0
505225,0
20533,0
29426,0
11246,0
14125,0
11058,0
5458,0
433249,0
12779,0
438970,0
459616,0
10763,0
257087,0
254474,0
520901,0
267806,0
351819,0
284674,0
12211,0
57216,0
6116,0
240483,0
2149,0
214597,0
11802,0
46429,0
408238,0
10213,0
329833,0
226936,0
19543,0
345925,0
14863,0
422615,0
4258,0
456048,-1
38277,0
416160,0
254188,0
14144,0
605373,0
33282,0
241251,0
21943,0
11470,0
11127,0
13009,0
9306,0
77496,0
9624,0
257345,0
12212,0
10077,0
10350,0
42433,0
9710,0
74997,0
377587,0
8010,0
8011,0
375804,0
889,0
12699,0
141581,0
425700,0
250066,0
4226,0
765119,0
438689,0
26629,0
412547,0
5550,0
188207,0
112160,0
76487,0
43935,0
89899,0
56288,0
11334,0
82657,0
57876,0
26715,0
344268,0
145221,0
276905,0
437375,0
8285,0
53700,0
297596,0
310127,0
290825,0
103327,0
369560,0
244514,0
146203,0
551808,0
853588,0
17455,0
168098,0
10196,0
331446,0
13995,0
2312,0
455957,0
